,C,I,N,CRT
2,3.167969107613755,4.6526957480816815,1.094968336708714,0.28571428571428603
3,0.0,0.5882741304371146,2.5796949771766404,0.42857142857142894
4,1.4847266404679265,0.0,0.0,0.14285714285714302
5,0.5882741304371146,-1.4847266404679265,-0.5882741304371146,0.14285714285714302
6,0.0,3.167969107613755,2.073000770905041,0.14285714285714302
7,0.0,2.073000770905041,0.0,0.14285714285714302
8,1.094968336708714,0.0,1.6832424671458286,0.14285714285714302
9,-1.4847266404679265,1.6832424671458286,3.167969107613755,0.42857142857142894
10,1.6832424671458286,3.167969107613755,1.6832424671458286,0.28571428571428603
11,2.073000770905041,3.167969107613755,1.6832424671458286,0.42857142857142894
12,-2.073000770905041,0.5882741304371146,0.5882741304371146,0.42857142857142894
13,1.094968336708714,2.5796949771766404,0.0,0.28571428571428603
14,3.167969107613755,4.6526957480816815,4.6526957480816815,0.14285714285714302
15,0.0,1.4847266404679265,1.4847266404679265,0.42857142857142894
16,0.5882741304371144,0.0,-0.5882741304371146,0.28571428571428603
17,1.094968336708714,1.094968336708714,2.5796949771766404,0.28571428571428603
18,2.5796949771766404,0.0,0.5882741304371144,0.14285714285714302
19,3.167969107613755,4.6526957480816815,4.6526957480816815,0.28571428571428603
20,3.167969107613755,4.6526957480816815,3.167969107613755,0.0
21,1.6832424671458286,2.5796949771766404,3.167969107613755,0.0
22,0.5066942062715994,3.167969107613755,0.0,0.0
23,2.073000770905041,0.5066942062715994,0.0,0.0
24,0.5882741304371144,4.6526957480816815,3.167969107613755,0.14285714285714302
25,0.5882741304371144,1.6832424671458286,1.6832424671458286,0.42857142857142894
26,1.6832424671458286,3.167969107613755,3.167969107613755,0.42857142857142894
27,1.094968336708714,2.5796949771766404,2.073000770905041,0.42857142857142894
28,0.5882741304371144,2.073000770905041,0.0,0.42857142857142894
29,1.6832424671458286,1.6832424671458286,0.0,0.14285714285714302
30,3.167969107613755,3.167969107613755,2.5796949771766404,0.28571428571428603
31,3.167969107613755,1.094968336708714,3.167969107613755,0.28571428571428603
32,1.4847266404679265,3.167969107613755,3.167969107613755,0.28571428571428603
33,3.167969107613755,3.167969107613755,1.4847266404679265,0.42857142857142894
34,0.0,4.6526957480816815,3.167969107613755,0.42857142857142894
35,1.4847266404679265,2.073000770905041,4.6526957480816815,0.42857142857142894
36,1.094968336708714,1.094968336708714,0.5882741304371144,0.0
37,1.094968336708714,2.5796949771766404,3.167969107613755,0.28571428571428603
38,2.073000770905041,0.0,1.094968336708714,0.14285714285714302
39,1.4847266404679265,1.094968336708714,1.094968336708714,0.28571428571428603
40,2.073000770905041,-2.073000770905041,0.0,0.42857142857142894
41,2.5796949771766404,3.167969107613755,1.4847266404679265,0.28571428571428603
42,0.5882741304371144,1.094968336708714,2.5796949771766404,0.42857142857142894
43,0.5882741304371146,0.5882741304371146,0.0,0.0
44,1.094968336708714,1.6832424671458286,4.6526957480816815,0.42857142857142894
45,0.5066942062715994,2.073000770905041,2.5796949771766404,0.42857142857142894
46,-0.5882741304371144,0.0,-1.094968336708714,0.0
47,3.167969107613755,2.5796949771766404,3.167969107613755,0.14285714285714302
48,1.6832424671458286,2.5796949771766404,3.167969107613755,0.28571428571428603
49,0.0,2.5796949771766404,2.5796949771766404,0.14285714285714302
50,0.5882741304371144,1.6832424671458286,1.094968336708714,0.0
51,0.0,2.073000770905041,2.073000770905041,0.0
52,2.5796949771766404,4.6526957480816815,4.6526957480816815,0.14285714285714302
53,2.5796949771766404,0.0,0.0,0.28571428571428603
54,-1.094968336708714,1.094968336708714,2.5796949771766404,0.42857142857142894
55,-2.5796949771766404,1.6832424671458286,1.4847266404679265,0.42857142857142894
56,0.0,2.073000770905041,1.4847266404679265,0.28571428571428603
57,2.5796949771766404,3.167969107613755,1.094968336708714,0.42857142857142894
58,2.073000770905041,1.094968336708714,2.073000770905041,0.28571428571428603
59,3.167969107613755,3.167969107613755,1.6832424671458286,0.42857142857142894
60,0.5066942062715994,1.094968336708714,2.073000770905041,0.42857142857142894
61,2.073000770905041,1.094968336708714,2.073000770905041,0.28571428571428603
62,3.167969107613755,2.073000770905041,1.094968336708714,0.28571428571428603
63,3.167969107613755,4.6526957480816815,3.167969107613755,0.28571428571428603
64,3.167969107613755,4.6526957480816815,0.5882741304371146,0.14285714285714302
65,1.094968336708714,3.167969107613755,1.4847266404679265,0.28571428571428603
66,1.6832424671458286,3.167969107613755,2.5796949771766404,0.42857142857142894
67,0.0,0.0,-0.5066942062715994,0.0
68,0.5882741304371146,1.094968336708714,2.5796949771766404,0.42857142857142894
69,0.5882741304371144,0.0,0.5882741304371146,0.28571428571428603
70,0.5882741304371144,3.167969107613755,2.073000770905041,0.28571428571428603
71,1.094968336708714,0.5066942062715994,0.5066942062715994,0.42857142857142894
72,3.167969107613755,3.167969107613755,2.073000770905041,0.28571428571428603
73,2.5796949771766404,1.094968336708714,3.167969107613755,0.0
74,1.094968336708714,0.5882741304371144,0.5882741304371144,0.28571428571428603
75,1.6832424671458286,2.073000770905041,1.094968336708714,0.14285714285714302
76,0.5066942062715994,1.094968336708714,0.5882741304371146,0.0
77,2.073000770905041,3.167969107613755,3.167969107613755,0.0
78,2.5796949771766404,2.5796949771766404,0.5882741304371146,0.28571428571428603
79,2.073000770905041,0.0,0.0,0.14285714285714302
80,0.0,2.073000770905041,2.073000770905041,0.42857142857142894
81,3.167969107613755,2.5796949771766404,2.5796949771766404,0.28571428571428603
82,1.094968336708714,2.5796949771766404,1.094968336708714,0.42857142857142894
83,1.6832424671458286,0.5882741304371146,0.5066942062715994,0.14285714285714302
84,4.6526957480816815,4.6526957480816815,4.6526957480816815,0.42857142857142894
85,0.0,4.6526957480816815,1.6832424671458286,0.42857142857142894
86,0.5882741304371144,2.073000770905041,2.5796949771766404,0.14285714285714302
87,2.5796949771766404,0.5066942062715994,2.073000770905041,0.14285714285714302
88,0.5882741304371144,4.6526957480816815,4.6526957480816815,0.28571428571428603
89,3.167969107613755,3.167969107613755,3.167969107613755,0.28571428571428603
90,1.094968336708714,0.0,0.5882741304371144,0.0
91,2.073000770905041,2.073000770905041,2.073000770905041,0.42857142857142894
92,0.5882741304371144,3.167969107613755,1.4847266404679265,0.42857142857142894
93,1.4847266404679265,2.073000770905041,1.6832424671458286,0.42857142857142894
94,2.073000770905041,0.5882741304371144,2.073000770905041,0.14285714285714302
95,0.5066942062715994,2.5796949771766404,1.4847266404679265,0.28571428571428603
96,3.167969107613755,3.167969107613755,2.5796949771766404,0.28571428571428603
97,0.5882741304371144,0.5882741304371146,-0.5066942062715994,0.0
98,0.0,0.5882741304371144,1.4847266404679265,0.0
99,1.4847266404679265,3.167969107613755,3.167969107613755,0.42857142857142894
100,-0.5066942062715994,0.0,-0.5882741304371146,0.28571428571428603
101,2.073000770905041,1.4847266404679265,0.5882741304371144,0.28571428571428603
102,2.5796949771766404,4.6526957480816815,-0.5066942062715994,0.0
103,2.073000770905041,3.167969107613755,3.167969107613755,0.42857142857142894
104,1.094968336708714,0.5882741304371146,1.4847266404679265,0.28571428571428603
105,1.094968336708714,0.0,2.5796949771766404,0.28571428571428603
106,2.5796949771766404,3.167969107613755,3.167969107613755,0.42857142857142894
107,1.4847266404679265,0.0,1.4847266404679265,0.0
108,3.167969107613755,3.167969107613755,2.5796949771766404,0.14285714285714302
109,0.5882741304371144,3.167969107613755,1.6832424671458286,0.42857142857142894
110,2.5796949771766404,3.167969107613755,0.5882741304371146,0.28571428571428603
111,3.167969107613755,3.167969107613755,3.167969107613755,0.28571428571428603
112,2.073000770905041,3.167969107613755,1.094968336708714,0.28571428571428603
113,3.167969107613755,2.5796949771766404,3.167969107613755,0.0
114,1.094968336708714,1.6832424671458286,2.073000770905041,0.42857142857142894
115,3.167969107613755,3.167969107613755,2.5796949771766404,0.14285714285714302
116,1.6832424671458286,0.0,2.5796949771766404,0.14285714285714302
117,2.5796949771766404,1.4847266404679265,2.073000770905041,0.14285714285714302
118,3.167969107613755,3.167969107613755,1.6832424671458286,0.28571428571428603
119,0.0,3.167969107613755,1.094968336708714,0.0
120,2.073000770905041,1.094968336708714,2.5796949771766404,0.14285714285714302
121,0.5066942062715994,3.167969107613755,1.094968336708714,0.14285714285714302
122,0.5882741304371146,1.094968336708714,2.073000770905041,0.42857142857142894
123,0.5066942062715994,3.167969107613755,1.6832424671458286,0.28571428571428603
124,2.5796949771766404,4.6526957480816815,3.167969107613755,0.28571428571428603
125,2.5796949771766404,1.4847266404679265,0.5882741304371146,0.14285714285714302
126,0.0,2.5796949771766404,0.5882741304371146,0.0
127,1.094968336708714,0.5882741304371146,2.5796949771766404,0.0
128,0.0,0.0,1.094968336708714,0.14285714285714302
129,1.094968336708714,2.5796949771766404,1.094968336708714,0.42857142857142894
130,2.5796949771766404,4.6526957480816815,1.6832424671458286,0.28571428571428603
131,1.6832424671458286,1.094968336708714,3.167969107613755,0.42857142857142894
132,4.6526957480816815,2.073000770905041,2.5796949771766404,0.14285714285714302
133,0.0,3.167969107613755,3.167969107613755,0.14285714285714302
134,1.094968336708714,1.6832424671458286,0.5066942062715994,0.0
135,0.5882741304371144,0.5066942062715994,2.5796949771766404,0.0
136,0.5882741304371144,2.073000770905041,0.0,0.28571428571428603
137,1.094968336708714,1.094968336708714,1.6832424671458286,0.42857142857142894
138,1.094968336708714,3.167969107613755,4.6526957480816815,0.28571428571428603
139,1.6832424671458286,1.4847266404679265,1.094968336708714,0.42857142857142894
140,2.5796949771766404,0.0,1.094968336708714,0.42857142857142894
141,2.5796949771766404,1.4847266404679265,0.5882741304371144,0.42857142857142894
142,2.073000770905041,1.094968336708714,0.0,0.42857142857142894
143,1.6832424671458286,3.167969107613755,2.073000770905041,0.28571428571428603
144,3.167969107613755,3.167969107613755,2.073000770905041,0.28571428571428603
145,1.094968336708714,2.5796949771766404,1.094968336708714,0.42857142857142894
146,0.5066942062715994,1.4847266404679265,-0.5882741304371146,0.42857142857142894
147,0.5882741304371144,2.073000770905041,3.167969107613755,0.0
148,1.094968336708714,2.5796949771766404,3.167969107613755,0.14285714285714302
149,0.5882741304371144,3.167969107613755,0.0,0.0
150,0.5882741304371144,2.5796949771766404,2.073000770905041,0.42857142857142894
151,1.6832424671458286,1.094968336708714,0.5066942062715994,0.0
152,3.167969107613755,3.167969107613755,3.167969107613755,0.28571428571428603
153,1.6832424671458286,0.0,2.073000770905041,0.42857142857142894
154,1.094968336708714,1.094968336708714,2.073000770905041,0.28571428571428603
155,1.094968336708714,0.5882741304371146,-0.5066942062715994,0.14285714285714302
156,2.5796949771766404,1.094968336708714,1.4847266404679265,0.28571428571428603
157,-2.073000770905041,1.6832424671458286,0.5882741304371144,0.42857142857142894
158,1.4847266404679265,2.5796949771766404,2.073000770905041,0.28571428571428603
159,2.5796949771766404,3.167969107613755,3.167969107613755,0.28571428571428603
160,3.167969107613755,4.6526957480816815,1.094968336708714,0.42857142857142894
161,1.094968336708714,3.167969107613755,0.5066942062715994,0.42857142857142894
162,2.5796949771766404,0.5882741304371144,0.0,0.28571428571428603
163,2.5796949771766404,1.4847266404679265,0.0,0.28571428571428603
164,2.5796949771766404,4.6526957480816815,1.6832424671458286,0.14285714285714302
165,2.5796949771766404,1.6832424671458286,0.5882741304371146,0.28571428571428603
166,2.073000770905041,3.167969107613755,2.073000770905041,0.33333333333333304
167,3.167969107613755,3.167969107613755,3.167969107613755,0.42857142857142894
168,2.073000770905041,4.6526957480816815,0.5882741304371144,0.42857142857142894
169,1.4847266404679265,0.0,0.0,0.0
170,2.073000770905041,2.073000770905041,2.5796949771766404,0.14285714285714302
171,1.094968336708714,0.5066942062715994,0.5882741304371146,0.42857142857142894
172,4.6526957480816815,4.6526957480816815,0.5882741304371146,0.14285714285714302
173,0.5066942062715994,1.4847266404679265,1.6832424671458286,0.14285714285714302
174,2.073000770905041,1.094968336708714,1.4847266404679265,0.28571428571428603
175,2.5796949771766404,2.5796949771766404,0.5882741304371146,0.0
176,1.6832424671458286,2.5796949771766404,2.073000770905041,0.28571428571428603
177,0.0,2.073000770905041,0.0,0.42857142857142894
178,0.0,1.094968336708714,0.5882741304371144,0.28571428571428603
179,1.4847266404679265,1.094968336708714,0.5882741304371146,0.42857142857142894
180,0.0,1.094968336708714,1.6832424671458286,0.14285714285714302
181,1.094968336708714,4.6526957480816815,2.073000770905041,0.28571428571428603
182,-0.5882741304371144,-1.094968336708714,0.5882741304371144,0.0
183,0.5882741304371144,0.5066942062715994,1.094968336708714,0.14285714285714302
184,-1.094968336708714,1.4847266404679265,0.0,0.0
185,2.073000770905041,3.167969107613755,4.6526957480816815,0.42857142857142894
186,0.0,1.6832424671458286,1.6832424671458286,0.42857142857142894
187,3.167969107613755,2.5796949771766404,3.167969107613755,0.0
188,1.094968336708714,0.5066942062715994,1.094968336708714,0.0
189,2.5796949771766404,2.5796949771766404,2.073000770905041,0.0
190,1.4847266404679265,2.073000770905041,2.073000770905041,0.28571428571428603
191,-0.5066942062715994,2.5796949771766404,0.5066942062715994,0.28571428571428603
192,1.4847266404679265,1.4847266404679265,2.073000770905041,0.0
193,1.6832424671458286,3.167969107613755,2.073000770905041,0.28571428571428603
194,-0.5066942062715994,4.6526957480816815,1.094968336708714,0.42857142857142894
195,2.5796949771766404,1.6832424671458286,4.6526957480816815,0.28571428571428603
196,1.4847266404679265,2.5796949771766404,2.5796949771766404,0.28571428571428603
197,0.0,3.167969107613755,2.5796949771766404,0.7142857142857142
198,0.5882741304371144,2.5796949771766404,0.0,0.857142857142857
199,1.094968336708714,3.167969107613755,0.0,0.7142857142857142
200,1.094968336708714,3.167969107613755,1.094968336708714,0.5714285714285711
201,1.6832424671458286,3.167969107613755,4.6526957480816815,0.857142857142857
202,3.167969107613755,3.167969107613755,3.167969107613755,0.5714285714285711
203,3.167969107613755,4.6526957480816815,1.6832424671458286,0.857142857142857
204,2.073000770905041,4.6526957480816815,2.5796949771766404,0.5714285714285711
205,1.094968336708714,3.167969107613755,4.6526957480816815,0.5714285714285711
206,3.167969107613755,4.6526957480816815,4.6526957480816815,0.5714285714285711
207,0.0,2.073000770905041,1.094968336708714,0.857142857142857
208,2.073000770905041,4.6526957480816815,3.167969107613755,0.857142857142857
209,1.6832424671458286,3.167969107613755,3.167969107613755,0.7142857142857142
210,1.094968336708714,3.167969107613755,3.167969107613755,0.857142857142857
211,1.094968336708714,3.167969107613755,1.094968336708714,0.857142857142857
212,4.6526957480816815,3.167969107613755,4.6526957480816815,0.5714285714285711
213,2.5796949771766404,4.6526957480816815,-2.073000770905041,0.7142857142857142
214,1.094968336708714,4.6526957480816815,3.167969107613755,0.7142857142857142
215,2.5796949771766404,0.5066942062715994,1.6832424671458286,0.7142857142857142
216,0.0,2.073000770905041,4.6526957480816815,0.5714285714285711
217,1.094968336708714,3.167969107613755,0.0,0.5714285714285711
218,0.5882741304371144,4.6526957480816815,1.6832424671458286,0.7142857142857142
219,-2.073000770905041,2.5796949771766404,0.5066942062715994,1.0
220,4.6526957480816815,4.6526957480816815,4.6526957480816815,1.0
221,0.0,3.167969107613755,3.167969107613755,1.0
222,1.4847266404679265,4.6526957480816815,2.5796949771766404,0.857142857142857
223,2.5796949771766404,3.167969107613755,3.167969107613755,0.857142857142857
224,3.167969107613755,3.167969107613755,0.5066942062715994,1.0
225,2.5796949771766404,4.6526957480816815,4.6526957480816815,1.0
226,2.5796949771766404,4.6526957480816815,4.6526957480816815,1.0
227,0.5882741304371144,4.6526957480816815,4.6526957480816815,0.857142857142857
228,1.094968336708714,4.6526957480816815,3.167969107613755,0.857142857142857
229,1.4847266404679265,3.167969107613755,2.5796949771766404,0.857142857142857
230,1.094968336708714,4.6526957480816815,1.094968336708714,0.857142857142857
231,0.0,3.167969107613755,2.073000770905041,0.857142857142857
232,1.094968336708714,2.5796949771766404,1.094968336708714,0.7142857142857142
233,1.094968336708714,4.6526957480816815,4.6526957480816815,0.857142857142857
234,2.073000770905041,3.167969107613755,2.073000770905041,0.7142857142857142
235,0.0,0.0,1.4847266404679265,0.857142857142857
236,-0.5066942062715994,0.5882741304371144,3.167969107613755,0.7142857142857142
237,1.6832424671458286,3.167969107613755,2.5796949771766404,0.5714285714285711
238,1.6832424671458286,4.6526957480816815,3.167969107613755,0.5714285714285711
239,0.5882741304371144,3.167969107613755,3.167969107613755,0.5714285714285711
240,3.167969107613755,4.6526957480816815,0.5066942062715994,0.857142857142857
241,2.073000770905041,3.167969107613755,1.094968336708714,0.857142857142857
242,1.4847266404679265,2.073000770905041,2.073000770905041,0.7142857142857142
243,4.6526957480816815,1.094968336708714,3.167969107613755,0.857142857142857
244,3.167969107613755,3.167969107613755,1.6832424671458286,0.7142857142857142
245,2.073000770905041,0.0,1.4847266404679265,0.5714285714285711
246,0.5882741304371144,0.0,1.6832424671458286,0.857142857142857
247,1.4847266404679265,3.167969107613755,3.167969107613755,0.857142857142857
248,3.167969107613755,1.094968336708714,3.167969107613755,0.5714285714285711
249,1.6832424671458286,2.5796949771766404,2.073000770905041,0.5714285714285711
250,-0.5066942062715994,4.6526957480816815,2.5796949771766404,0.5714285714285711
251,3.167969107613755,4.6526957480816815,4.6526957480816815,0.7142857142857142
252,1.094968336708714,3.167969107613755,0.5882741304371144,0.5714285714285711
253,1.094968336708714,3.167969107613755,2.073000770905041,0.7142857142857142
254,0.0,3.167969107613755,2.5796949771766404,0.857142857142857
255,1.6832424671458286,2.073000770905041,3.167969107613755,1.0
256,0.0,4.6526957480816815,2.5796949771766404,1.0
257,0.0,3.167969107613755,3.167969107613755,1.0
258,4.6526957480816815,1.094968336708714,0.5066942062715994,1.0
259,2.5796949771766404,0.0,0.5882741304371144,0.7142857142857142
260,0.5882741304371144,2.5796949771766404,2.5796949771766404,1.0
261,2.073000770905041,4.6526957480816815,1.094968336708714,1.0
262,1.094968336708714,0.0,0.0,1.0
263,1.094968336708714,3.167969107613755,2.5796949771766404,1.0
264,2.5796949771766404,4.6526957480816815,4.6526957480816815,1.0
265,1.094968336708714,1.094968336708714,2.5796949771766404,0.857142857142857
266,3.167969107613755,3.167969107613755,3.167969107613755,0.7142857142857142
267,2.5796949771766404,4.6526957480816815,1.6832424671458286,1.0
268,2.5796949771766404,0.5066942062715994,3.167969107613755,0.5714285714285711
269,3.167969107613755,1.094968336708714,4.6526957480816815,0.7142857142857142
270,1.6832424671458286,4.6526957480816815,0.5882741304371144,0.857142857142857
271,0.0,0.0,2.5796949771766404,0.857142857142857
272,2.5796949771766404,4.6526957480816815,2.5796949771766404,0.857142857142857
273,1.094968336708714,3.167969107613755,4.6526957480816815,0.5714285714285711
274,2.073000770905041,4.6526957480816815,2.5796949771766404,0.857142857142857
275,0.5882741304371144,0.0,2.5796949771766404,0.5714285714285711
276,2.073000770905041,4.6526957480816815,2.073000770905041,0.857142857142857
277,3.167969107613755,4.6526957480816815,1.094968336708714,0.857142857142857
278,2.5796949771766404,4.6526957480816815,1.6832424671458286,0.7142857142857142
279,1.4847266404679265,3.167969107613755,0.0,0.5714285714285711
280,1.094968336708714,3.167969107613755,2.5796949771766404,0.7142857142857142
281,3.167969107613755,3.167969107613755,1.6832424671458286,0.857142857142857
282,1.4847266404679265,3.167969107613755,4.6526957480816815,1.0
283,1.4847266404679265,2.5796949771766404,4.6526957480816815,0.857142857142857
284,3.167969107613755,4.6526957480816815,1.6832424671458286,0.7142857142857142
285,2.073000770905041,1.6832424671458286,2.5796949771766404,0.857142857142857
286,2.5796949771766404,2.5796949771766404,2.5796949771766404,0.857142857142857
287,2.5796949771766404,0.5066942062715994,1.4847266404679265,0.5714285714285711
288,3.167969107613755,4.6526957480816815,2.5796949771766404,1.0
289,0.5882741304371144,1.094968336708714,3.167969107613755,0.5714285714285711
290,1.4847266404679265,2.5796949771766404,1.4847266404679265,0.7142857142857142
291,0.0,1.4847266404679265,1.4847266404679265,0.7142857142857142
292,1.094968336708714,1.094968336708714,1.6832424671458286,1.0
293,0.0,0.0,0.0,0.5714285714285711
294,1.4847266404679265,4.6526957480816815,2.5796949771766404,0.7142857142857142
295,2.5796949771766404,3.167969107613755,3.167969107613755,0.857142857142857
296,1.6832424671458286,3.167969107613755,4.6526957480816815,0.857142857142857
297,1.4847266404679265,0.0,2.073000770905041,0.857142857142857
298,2.073000770905041,1.094968336708714,1.4847266404679265,1.0
299,1.4847266404679265,2.073000770905041,2.073000770905041,1.0
300,0.5066942062715994,0.5882741304371144,0.0,0.5714285714285711
301,1.6832424671458286,2.5796949771766404,3.167969107613755,0.5714285714285711
302,2.5796949771766404,3.167969107613755,0.0,0.857142857142857
303,2.5796949771766404,3.167969107613755,2.5796949771766404,0.7142857142857142
304,3.167969107613755,1.6832424671458286,0.5066942062715994,0.7142857142857142
305,2.5796949771766404,4.6526957480816815,3.167969107613755,0.5714285714285711
306,2.5796949771766404,2.5796949771766404,1.4847266404679265,0.7142857142857142
307,0.0,1.094968336708714,2.5796949771766404,0.5714285714285711
308,1.6832424671458286,1.094968336708714,0.5882741304371146,0.5714285714285711
309,4.6526957480816815,4.6526957480816815,3.167969107613755,0.5714285714285711
310,1.6832424671458286,3.167969107613755,1.094968336708714,0.857142857142857
311,2.073000770905041,3.167969107613755,3.167969107613755,0.857142857142857
312,3.167969107613755,3.167969107613755,3.167969107613755,0.857142857142857
313,2.5796949771766404,4.6526957480816815,3.167969107613755,0.7142857142857142
314,1.094968336708714,3.167969107613755,1.6832424671458286,0.5714285714285711
315,-1.4847266404679265,1.094968336708714,1.4847266404679265,0.857142857142857
316,2.5796949771766404,3.167969107613755,3.167969107613755,0.7142857142857142
317,0.0,3.167969107613755,1.094968336708714,0.857142857142857
318,2.5796949771766404,1.094968336708714,0.5882741304371146,0.857142857142857
319,3.167969107613755,2.5796949771766404,1.094968336708714,0.857142857142857
320,4.6526957480816815,2.073000770905041,2.073000770905041,0.7142857142857142
321,1.6832424671458286,1.094968336708714,3.167969107613755,0.7142857142857142
322,1.6832424671458286,1.6832424671458286,2.073000770905041,0.5714285714285711
323,0.0,0.5882741304371144,2.073000770905041,0.5714285714285711
324,-2.073000770905041,1.6832424671458286,2.073000770905041,0.5714285714285711
325,1.6832424671458286,2.5796949771766404,2.5796949771766404,0.5714285714285711
326,2.5796949771766404,1.4847266404679265,2.073000770905041,1.0
327,0.5066942062715994,4.6526957480816815,2.5796949771766404,0.857142857142857
328,0.5066942062715994,3.167969107613755,2.5796949771766404,1.0
329,1.094968336708714,1.094968336708714,1.094968336708714,0.857142857142857
330,2.5796949771766404,3.167969107613755,2.073000770905041,1.0
331,0.5882741304371144,1.094968336708714,2.5796949771766404,1.0
332,2.073000770905041,4.6526957480816815,2.5796949771766404,1.0
333,2.5796949771766404,2.5796949771766404,4.6526957480816815,0.833333333333333
334,2.5796949771766404,3.167969107613755,1.094968336708714,0.7142857142857142
335,2.5796949771766404,3.167969107613755,4.6526957480816815,0.5714285714285711
336,2.5796949771766404,4.6526957480816815,0.5882741304371146,0.7142857142857142
337,1.4847266404679265,2.5796949771766404,3.167969107613755,0.7142857142857142
338,3.167969107613755,3.167969107613755,3.167969107613755,0.7142857142857142
339,1.4847266404679265,1.6832424671458286,3.167969107613755,0.5714285714285711
340,1.094968336708714,1.094968336708714,2.5796949771766404,0.857142857142857
341,2.073000770905041,2.5796949771766404,2.5796949771766404,0.5714285714285711
342,3.167969107613755,3.167969107613755,4.6526957480816815,0.5714285714285711
343,1.094968336708714,4.6526957480816815,0.5882741304371144,0.7142857142857142
344,2.5796949771766404,4.6526957480816815,3.167969107613755,0.857142857142857
345,2.5796949771766404,1.094968336708714,2.5796949771766404,1.0
346,1.094968336708714,1.094968336708714,2.5796949771766404,1.0
347,0.0,2.5796949771766404,1.6832424671458286,0.5714285714285711
348,0.0,0.0,-0.5882741304371144,0.7142857142857142
349,-1.4847266404679265,1.6832424671458286,0.0,0.7142857142857142
350,3.167969107613755,2.073000770905041,0.5882741304371146,0.857142857142857
351,1.4847266404679265,3.167969107613755,3.167969107613755,0.5714285714285711
352,1.6832424671458286,-1.4847266404679265,0.0,0.7142857142857142
353,0.0,-0.5882741304371144,0.5882741304371146,0.5714285714285711
354,3.167969107613755,4.6526957480816815,3.167969107613755,1.0
355,2.5796949771766404,2.5796949771766404,1.4847266404679265,0.5714285714285711
356,0.0,0.5066942062715994,1.6832424671458286,0.7142857142857142
357,1.4847266404679265,2.073000770905041,0.0,0.857142857142857
358,1.094968336708714,0.0,-1.4847266404679265,1.0
359,2.073000770905041,2.5796949771766404,1.6832424671458286,0.7142857142857142
360,1.094968336708714,1.6832424671458286,1.094968336708714,1.0
361,1.094968336708714,2.5796949771766404,2.073000770905041,0.857142857142857
362,1.094968336708714,0.0,2.5796949771766404,0.7142857142857142
363,1.094968336708714,3.167969107613755,0.0,1.0
364,3.167969107613755,4.6526957480816815,3.167969107613755,0.5714285714285711
365,1.6832424671458286,4.6526957480816815,0.5066942062715994,0.7142857142857142
366,3.167969107613755,2.5796949771766404,2.073000770905041,0.7142857142857142
367,0.0,4.6526957480816815,3.167969107613755,0.857142857142857
368,1.094968336708714,2.5796949771766404,2.073000770905041,0.5714285714285711
369,0.5882741304371144,3.167969107613755,3.167969107613755,0.857142857142857
370,-1.4847266404679265,2.5796949771766404,1.6832424671458286,0.5714285714285711
371,2.073000770905041,2.5796949771766404,4.6526957480816815,1.0
372,1.6832424671458286,0.5882741304371144,1.094968336708714,0.7142857142857142
373,2.5796949771766404,4.6526957480816815,4.6526957480816815,0.857142857142857
374,4.6526957480816815,3.167969107613755,2.5796949771766404,0.7142857142857142
375,0.0,0.5882741304371144,-2.073000770905041,0.5714285714285711
376,1.4847266404679265,2.073000770905041,-1.4847266404679265,0.5714285714285711
377,-1.4847266404679265,-1.4847266404679265,1.4847266404679265,0.7142857142857142
378,3.167969107613755,3.167969107613755,3.167969107613755,0.857142857142857
379,0.0,2.5796949771766404,1.4847266404679265,0.7142857142857142
380,1.4847266404679265,3.167969107613755,1.6832424671458286,0.7142857142857142
381,3.167969107613755,3.167969107613755,2.5796949771766404,0.857142857142857
382,3.167969107613755,4.6526957480816815,3.167969107613755,0.857142857142857
383,2.5796949771766404,2.073000770905041,1.6832424671458286,0.857142857142857
384,1.094968336708714,4.6526957480816815,1.6832424671458286,1.0
385,2.5796949771766404,3.167969107613755,3.167969107613755,1.0
386,1.094968336708714,4.6526957480816815,3.167969107613755,1.0
387,0.0,1.4847266404679265,1.4847266404679265,0.5714285714285711
388,1.4847266404679265,3.167969107613755,3.167969107613755,0.857142857142857
389,0.0,3.167969107613755,2.073000770905041,0.7142857142857142
390,2.073000770905041,2.073000770905041,2.073000770905041,0.5714285714285711
391,1.6832424671458286,2.5796949771766404,2.073000770905041,0.7142857142857142
392,0.5882741304371144,4.6526957480816815,0.5882741304371146,0.857142857142857
393,0.5066942062715994,1.6832424671458286,2.073000770905041,0.5714285714285711
394,3.167969107613755,4.6526957480816815,3.167969107613755,0.5714285714285711
395,1.6832424671458286,4.6526957480816815,2.073000770905041,0.7142857142857142
396,0.5066942062715994,2.5796949771766404,0.0,0.7142857142857142
397,0.5882741304371146,3.167969107613755,0.0,0.5714285714285711
398,1.6832424671458286,3.167969107613755,2.5796949771766404,0.7142857142857142
399,3.167969107613755,3.167969107613755,1.6832424671458286,0.5714285714285711
400,4.6526957480816815,4.6526957480816815,3.167969107613755,0.5714285714285711
401,1.094968336708714,2.5796949771766404,0.5882741304371146,0.7142857142857142
402,1.4847266404679265,3.167969107613755,2.073000770905041,0.7142857142857142
403,2.073000770905041,3.167969107613755,0.5066942062715994,0.5714285714285711
404,3.167969107613755,2.5796949771766404,3.167969107613755,0.857142857142857
405,0.5066942062715994,4.6526957480816815,2.5796949771766404,0.7142857142857142
406,0.0,2.073000770905041,4.6526957480816815,0.857142857142857
407,1.6832424671458286,3.167969107613755,2.5796949771766404,0.857142857142857
408,2.5796949771766404,4.6526957480816815,4.6526957480816815,0.857142857142857
409,3.167969107613755,3.167969107613755,3.167969107613755,0.857142857142857
410,1.4847266404679265,4.6526957480816815,1.094968336708714,0.7142857142857142
411,2.073000770905041,1.4847266404679265,2.5796949771766404,0.7142857142857142
412,4.6526957480816815,3.167969107613755,4.6526957480816815,0.7142857142857142
413,1.4847266404679265,4.6526957480816815,1.094968336708714,0.5714285714285711
414,2.073000770905041,1.4847266404679265,0.0,0.5714285714285711
415,3.167969107613755,0.0,-2.073000770905041,0.5714285714285711
416,3.167969107613755,4.6526957480816815,2.5796949771766404,0.5714285714285711
417,2.5796949771766404,1.094968336708714,1.4847266404679265,0.857142857142857
418,1.6832424671458286,4.6526957480816815,2.5796949771766404,1.0
419,0.0,3.167969107613755,1.6832424671458286,0.857142857142857
420,-2.073000770905041,-0.5882741304371146,0.5882741304371146,0.857142857142857
421,0.0,3.167969107613755,2.5796949771766404,1.0
422,2.5796949771766404,1.094968336708714,2.073000770905041,1.0
423,2.073000770905041,2.073000770905041,0.5882741304371144,1.0
424,3.167969107613755,1.6832424671458286,2.5796949771766404,0.7142857142857142
425,1.6832424671458286,2.5796949771766404,0.5066942062715994,0.7142857142857142
426,0.0,1.4847266404679265,0.5882741304371144,0.7142857142857142
427,2.5796949771766404,2.5796949771766404,3.167969107613755,0.5714285714285711
428,3.167969107613755,2.5796949771766404,1.094968336708714,0.5714285714285711
429,1.094968336708714,1.094968336708714,1.6832424671458286,0.5714285714285711
430,1.6832424671458286,2.5796949771766404,2.073000770905041,0.5714285714285711
431,3.167969107613755,3.167969107613755,3.167969107613755,0.5714285714285711
432,1.6832424671458286,2.5796949771766404,2.5796949771766404,0.7142857142857142
433,2.5796949771766404,1.6832424671458286,2.5796949771766404,0.7142857142857142
434,3.167969107613755,1.6832424671458286,2.5796949771766404,0.5714285714285711
435,1.094968336708714,3.167969107613755,0.0,0.7142857142857142
436,0.5066942062715994,1.094968336708714,0.5882741304371144,0.5714285714285711
437,1.6832424671458286,2.5796949771766404,0.0,0.7142857142857142
438,0.5882741304371144,0.5066942062715994,0.0,0.857142857142857
439,2.5796949771766404,4.6526957480816815,2.5796949771766404,0.7142857142857142
440,2.5796949771766404,2.5796949771766404,3.167969107613755,0.857142857142857
441,2.073000770905041,2.5796949771766404,3.167969107613755,0.857142857142857
442,-0.5882741304371144,1.094968336708714,2.073000770905041,0.5714285714285711
443,0.0,1.6832424671458286,1.094968336708714,0.5714285714285711
444,2.5796949771766404,1.6832424671458286,3.167969107613755,0.5714285714285711
445,2.5796949771766404,1.4847266404679265,2.5796949771766404,0.5714285714285711
446,2.073000770905041,2.5796949771766404,3.167969107613755,0.5714285714285711
447,2.5796949771766404,4.6526957480816815,3.167969107613755,0.5714285714285711
448,2.073000770905041,3.167969107613755,-0.5882741304371144,0.857142857142857
449,2.5796949771766404,4.6526957480816815,4.6526957480816815,1.0
450,3.167969107613755,3.167969107613755,3.167969107613755,0.857142857142857
451,1.094968336708714,4.6526957480816815,1.094968336708714,0.857142857142857
452,2.073000770905041,2.5796949771766404,2.073000770905041,1.0
453,3.167969107613755,3.167969107613755,3.167969107613755,0.857142857142857
454,4.6526957480816815,4.6526957480816815,4.6526957480816815,1.0
455,0.0,1.4847266404679265,2.073000770905041,0.5714285714285711
456,0.5882741304371144,3.167969107613755,0.5882741304371146,0.7142857142857142
457,1.4847266404679265,3.167969107613755,2.5796949771766404,0.857142857142857
458,0.5066942062715994,2.5796949771766404,2.5796949771766404,0.7142857142857142
459,3.167969107613755,3.167969107613755,1.094968336708714,0.857142857142857
460,1.6832424671458286,3.167969107613755,2.073000770905041,0.7142857142857142
461,1.094968336708714,0.5066942062715994,3.167969107613755,1.0
462,0.0,0.5882741304371144,1.094968336708714,0.5714285714285711
463,1.094968336708714,1.6832424671458286,1.4847266404679265,0.857142857142857
464,-0.5882741304371144,3.167969107613755,0.5882741304371146,0.857142857142857
465,2.073000770905041,2.5796949771766404,1.4847266404679265,0.5714285714285711
466,0.5882741304371144,1.6832424671458286,0.5882741304371144,0.7142857142857142
467,3.167969107613755,1.094968336708714,1.094968336708714,0.7142857142857142
468,2.073000770905041,0.0,1.094968336708714,0.857142857142857
469,1.6832424671458286,2.5796949771766404,1.6832424671458286,0.5714285714285711
470,2.073000770905041,3.167969107613755,4.6526957480816815,0.7142857142857142
471,2.073000770905041,2.073000770905041,2.5796949771766404,0.857142857142857
472,4.6526957480816815,2.5796949771766404,3.167969107613755,0.7142857142857142
473,1.094968336708714,4.6526957480816815,1.094968336708714,0.857142857142857
474,0.0,3.167969107613755,2.073000770905041,0.5714285714285711
475,1.4847266404679265,2.073000770905041,4.6526957480816815,0.7142857142857142
476,0.0,1.094968336708714,2.073000770905041,0.857142857142857
477,2.5796949771766404,4.6526957480816815,2.5796949771766404,0.5714285714285711
478,3.167969107613755,0.0,1.094968336708714,0.857142857142857
479,0.5066942062715994,1.6832424671458286,0.5882741304371146,0.5714285714285711
480,0.0,1.4847266404679265,1.4847266404679265,0.5714285714285711
481,0.5882741304371144,1.6832424671458286,1.094968336708714,0.5714285714285711
482,0.5882741304371144,2.073000770905041,2.073000770905041,0.5714285714285711
483,0.0,2.5796949771766404,3.167969107613755,0.5714285714285711
484,3.167969107613755,2.5796949771766404,1.6832424671458286,0.5714285714285711
485,2.073000770905041,1.094968336708714,1.094968336708714,0.42857142857142894
486,2.5796949771766404,3.167969107613755,0.5882741304371146,0.42857142857142894
487,0.0,2.073000770905041,1.094968336708714,0.14285714285714302
488,2.5796949771766404,2.073000770905041,0.0,0.28571428571428603
489,0.0,0.0,0.0,0.0
490,0.0,1.6832424671458286,-0.5882741304371146,0.0
491,0.5066942062715994,0.5066942062715994,1.094968336708714,0.0
492,0.0,0.5882741304371144,1.094968336708714,0.33333333333333304
493,2.5796949771766404,1.4847266404679265,2.5796949771766404,0.28571428571428603
494,2.5796949771766404,0.5066942062715994,0.5882741304371144,0.42857142857142894
495,0.0,-0.5066942062715994,0.5882741304371144,0.28571428571428603
496,0.5066942062715994,0.0,0.5882741304371146,0.28571428571428603
497,1.4847266404679265,1.094968336708714,0.0,0.42857142857142894
498,0.0,1.6832424671458286,0.0,0.42857142857142894
499,4.6526957480816815,1.094968336708714,2.5796949771766404,0.28571428571428603
500,2.5796949771766404,3.167969107613755,2.5796949771766404,0.28571428571428603
501,2.073000770905041,1.094968336708714,1.094968336708714,0.14285714285714302
502,1.4847266404679265,-1.094968336708714,2.5796949771766404,0.42857142857142894
503,2.073000770905041,0.0,0.5882741304371144,0.42857142857142894
504,2.073000770905041,1.094968336708714,2.5796949771766404,0.28571428571428603
505,0.5882741304371144,-0.5066942062715994,-1.4847266404679265,0.0
506,0.0,2.073000770905041,3.167969107613755,0.0
507,0.0,-3.167969107613755,2.5796949771766404,0.14285714285714302
508,2.073000770905041,2.073000770905041,0.0,0.0
509,0.0,0.0,0.0,0.0
510,2.073000770905041,3.167969107613755,2.073000770905041,0.28571428571428603
511,0.0,0.0,0.0,0.14285714285714302
512,0.0,0.5066942062715994,1.4847266404679265,0.28571428571428603
513,2.073000770905041,2.073000770905041,3.167969107613755,0.14285714285714302
514,0.5882741304371144,4.6526957480816815,0.0,0.42857142857142894
515,1.6832424671458286,0.5882741304371144,4.6526957480816815,0.14285714285714302
516,1.4847266404679265,3.167969107613755,3.167969107613755,0.14285714285714302
517,0.0,0.0,2.5796949771766404,0.14285714285714302
518,2.5796949771766404,0.5066942062715994,0.5882741304371144,0.42857142857142894
519,-0.5882741304371144,0.0,1.094968336708714,0.0
520,1.4847266404679265,2.073000770905041,2.5796949771766404,0.42857142857142894
521,1.6832424671458286,2.073000770905041,0.0,0.42857142857142894
522,2.5796949771766404,2.073000770905041,3.167969107613755,0.14285714285714302
523,0.5882741304371144,3.167969107613755,1.094968336708714,0.28571428571428603
524,2.073000770905041,0.0,1.6832424671458286,0.14285714285714302
525,0.5882741304371144,0.0,2.5796949771766404,0.42857142857142894
526,2.5796949771766404,0.5882741304371146,2.073000770905041,0.42857142857142894
527,0.0,1.4847266404679265,0.0,0.28571428571428603
528,3.167969107613755,2.5796949771766404,2.073000770905041,0.28571428571428603
529,1.4847266404679265,2.5796949771766404,2.5796949771766404,0.42857142857142894
530,2.5796949771766404,0.5066942062715994,0.5882741304371146,0.28571428571428603
531,1.4847266404679265,3.167969107613755,0.0,0.42857142857142894
532,1.6832424671458286,-0.5066942062715994,1.094968336708714,0.0
533,2.073000770905041,0.5066942062715994,-0.5066942062715994,0.0
534,2.073000770905041,-0.5882741304371144,0.0,0.14285714285714302
535,3.167969107613755,0.0,1.094968336708714,0.42857142857142894
536,0.0,2.073000770905041,1.094968336708714,0.42857142857142894
537,2.073000770905041,2.5796949771766404,2.5796949771766404,0.28571428571428603
538,4.6526957480816815,4.6526957480816815,1.094968336708714,0.28571428571428603
539,-1.4847266404679265,1.4847266404679265,1.094968336708714,0.14285714285714302
540,2.073000770905041,1.6832424671458286,2.5796949771766404,0.42857142857142894
541,3.167969107613755,1.6832424671458286,1.094968336708714,0.28571428571428603
542,2.073000770905041,1.094968336708714,0.5066942062715994,0.28571428571428603
543,4.6526957480816815,1.4847266404679265,0.0,0.14285714285714302
544,0.0,1.094968336708714,0.0,0.28571428571428603
545,0.0,2.5796949771766404,-1.4847266404679265,0.0
546,2.073000770905041,2.073000770905041,2.5796949771766404,0.42857142857142894
547,0.5882741304371146,0.0,2.073000770905041,0.0
548,2.073000770905041,2.073000770905041,2.5796949771766404,0.28571428571428603
549,0.0,1.4847266404679265,0.0,0.14285714285714302
550,-1.4847266404679265,1.4847266404679265,0.0,0.0
551,0.0,1.4847266404679265,0.5882741304371144,0.0
552,2.073000770905041,0.0,0.5882741304371144,0.0
553,0.5882741304371144,2.073000770905041,2.073000770905041,0.28571428571428603
554,-1.4847266404679265,-2.073000770905041,0.0,0.42857142857142894
555,1.4847266404679265,0.0,1.6832424671458286,0.14285714285714302
556,3.167969107613755,2.5796949771766404,3.167969107613755,0.28571428571428603
557,2.5796949771766404,4.6526957480816815,2.5796949771766404,0.14285714285714302
558,1.4847266404679265,2.5796949771766404,3.167969107613755,0.0
559,0.0,1.6832424671458286,3.167969107613755,0.0
560,2.5796949771766404,1.4847266404679265,1.094968336708714,0.14285714285714302
561,1.6832424671458286,1.094968336708714,0.0,0.14285714285714302
562,0.0,0.0,0.0,0.28571428571428603
563,0.5066942062715994,0.5066942062715994,0.0,0.0
564,0.0,0.5882741304371144,1.4847266404679265,0.14285714285714302
565,1.4847266404679265,3.167969107613755,2.5796949771766404,0.42857142857142894
566,1.094968336708714,2.073000770905041,1.094968336708714,0.28571428571428603
567,2.5796949771766404,3.167969107613755,0.5882741304371146,0.42857142857142894
568,2.5796949771766404,3.167969107613755,2.5796949771766404,0.14285714285714302
569,2.073000770905041,2.073000770905041,2.073000770905041,0.14285714285714302
570,3.167969107613755,2.073000770905041,-0.5066942062715994,0.0
571,2.073000770905041,2.073000770905041,0.5882741304371144,0.0
572,-0.5882741304371144,2.5796949771766404,0.0,0.42857142857142894
573,-0.5882741304371144,0.5882741304371146,1.4847266404679265,0.14285714285714302
574,2.5796949771766404,0.5066942062715994,3.167969107613755,0.28571428571428603
575,0.0,1.6832424671458286,2.073000770905041,0.28571428571428603
576,0.5882741304371144,1.094968336708714,0.5066942062715994,0.28571428571428603
577,-0.5882741304371144,1.6832424671458286,1.094968336708714,0.28571428571428603
578,1.094968336708714,1.6832424671458286,1.094968336708714,0.28571428571428603
579,1.094968336708714,1.094968336708714,0.0,0.42857142857142894
580,2.5796949771766404,1.094968336708714,1.6832424671458286,0.28571428571428603
581,0.0,0.0,-0.5882741304371144,0.14285714285714302
582,0.5882741304371144,3.167969107613755,0.5882741304371144,0.42857142857142894
583,-2.073000770905041,1.094968336708714,2.5796949771766404,0.42857142857142894
584,1.094968336708714,1.6832424671458286,3.167969107613755,0.5
585,4.6526957480816815,4.6526957480816815,3.167969107613755,0.42857142857142894
586,2.5796949771766404,3.167969107613755,1.094968336708714,0.14285714285714302
587,2.5796949771766404,3.167969107613755,3.167969107613755,0.28571428571428603
588,2.073000770905041,2.073000770905041,0.5066942062715994,0.28571428571428603
589,0.0,1.094968336708714,3.167969107613755,0.28571428571428603
590,1.4847266404679265,0.0,0.5882741304371146,0.14285714285714302
591,3.167969107613755,2.5796949771766404,4.6526957480816815,0.42857142857142894
592,0.5882741304371146,0.0,2.073000770905041,0.42857142857142894
593,-1.4847266404679265,0.5882741304371144,0.5066942062715994,0.0
594,0.5882741304371144,1.094968336708714,-2.073000770905041,0.42857142857142894
595,1.6832424671458286,2.073000770905041,0.5882741304371144,0.28571428571428603
596,0.0,1.4847266404679265,0.0,0.42857142857142894
597,2.073000770905041,0.0,0.5066942062715994,0.14285714285714302
598,-0.5882741304371146,0.0,-0.5066942062715994,0.14285714285714302
599,2.073000770905041,3.167969107613755,1.6832424671458286,0.0
600,2.073000770905041,0.5066942062715994,1.094968336708714,0.14285714285714302
601,0.0,1.6832424671458286,0.5882741304371146,0.0
602,1.4847266404679265,2.073000770905041,1.094968336708714,0.28571428571428603
603,2.5796949771766404,0.5066942062715994,0.0,0.42857142857142894
604,2.073000770905041,1.094968336708714,0.5882741304371144,0.42857142857142894
605,2.5796949771766404,0.5882741304371146,2.5796949771766404,0.0
606,3.167969107613755,1.6832424671458286,1.6832424671458286,0.42857142857142894
607,1.094968336708714,1.094968336708714,1.094968336708714,0.28571428571428603
608,2.073000770905041,2.5796949771766404,3.167969107613755,0.42857142857142894
609,0.5066942062715994,-0.5882741304371146,-0.5882741304371146,0.28571428571428603
610,0.5066942062715994,3.167969107613755,1.6832424671458286,0.28571428571428603
611,2.5796949771766404,0.0,1.6832424671458286,0.42857142857142894
612,2.5796949771766404,4.6526957480816815,2.5796949771766404,0.14285714285714302
613,3.167969107613755,3.167969107613755,1.094968336708714,0.28571428571428603
614,-1.094968336708714,-2.073000770905041,2.5796949771766404,0.14285714285714302
615,1.4847266404679265,0.5066942062715994,2.5796949771766404,0.42857142857142894
616,0.0,1.6832424671458286,2.073000770905041,0.42857142857142894
617,1.4847266404679265,1.4847266404679265,2.073000770905041,0.0
618,0.0,1.094968336708714,0.0,0.0
619,2.5796949771766404,2.5796949771766404,0.5882741304371144,0.0
620,2.5796949771766404,-0.5066942062715994,0.0,0.28571428571428603
621,3.167969107613755,1.4847266404679265,2.073000770905041,0.14285714285714302
622,1.4847266404679265,-0.5882741304371144,0.5882741304371144,0.42857142857142894
623,0.0,2.073000770905041,2.5796949771766404,0.0
624,0.0,0.0,1.4847266404679265,0.42857142857142894
625,3.167969107613755,2.073000770905041,3.167969107613755,0.5
626,2.073000770905041,1.094968336708714,0.5066942062715994,0.14285714285714302
627,2.5796949771766404,4.6526957480816815,3.167969107613755,0.28571428571428603
628,-0.5066942062715994,0.0,-1.4847266404679265,0.14285714285714302
629,2.5796949771766404,1.094968336708714,1.094968336708714,0.28571428571428603
630,1.094968336708714,2.5796949771766404,0.5882741304371144,0.42857142857142894
631,3.167969107613755,3.167969107613755,1.4847266404679265,0.28571428571428603
632,-2.5796949771766404,1.094968336708714,0.0,0.28571428571428603
633,2.5796949771766404,2.5796949771766404,1.094968336708714,0.42857142857142894
634,0.0,2.073000770905041,-2.5796949771766404,0.0
635,-1.4847266404679265,0.0,-1.4847266404679265,0.28571428571428603
636,2.5796949771766404,3.167969107613755,-2.5796949771766404,0.42857142857142894
637,1.4847266404679265,2.5796949771766404,0.5882741304371144,0.5714285714285711
638,1.4847266404679265,3.167969107613755,3.167969107613755,0.857142857142857
639,1.6832424671458286,3.167969107613755,0.5882741304371144,0.857142857142857
640,2.5796949771766404,3.167969107613755,1.6832424671458286,0.7142857142857142
641,3.167969107613755,4.6526957480816815,1.6832424671458286,0.5714285714285711
642,2.073000770905041,2.5796949771766404,0.5882741304371144,0.5714285714285711
643,2.073000770905041,1.094968336708714,1.6832424671458286,0.857142857142857
644,2.073000770905041,3.167969107613755,0.5882741304371144,0.857142857142857
645,2.073000770905041,4.6526957480816815,0.5066942062715994,0.857142857142857
646,2.073000770905041,2.5796949771766404,1.094968336708714,0.857142857142857
647,0.0,0.5882741304371146,0.0,0.7142857142857142
648,2.5796949771766404,2.073000770905041,2.5796949771766404,0.5714285714285711
649,3.167969107613755,3.167969107613755,2.073000770905041,0.7142857142857142
650,2.5796949771766404,3.167969107613755,4.6526957480816815,0.7142857142857142
651,1.4847266404679265,1.6832424671458286,2.5796949771766404,0.5714285714285711
652,2.073000770905041,3.167969107613755,0.5066942062715994,0.857142857142857
653,2.5796949771766404,3.167969107613755,4.6526957480816815,0.857142857142857
654,2.5796949771766404,4.6526957480816815,2.5796949771766404,0.857142857142857
655,0.0,2.5796949771766404,2.5796949771766404,0.857142857142857
656,3.167969107613755,1.6832424671458286,4.6526957480816815,0.7142857142857142
657,2.073000770905041,3.167969107613755,2.5796949771766404,0.5714285714285711
658,1.4847266404679265,0.5882741304371146,0.0,0.857142857142857
659,2.5796949771766404,1.094968336708714,3.167969107613755,0.857142857142857
660,2.5796949771766404,2.5796949771766404,1.6832424671458286,0.7142857142857142
661,1.4847266404679265,-2.5796949771766404,3.167969107613755,0.857142857142857
662,0.0,1.6832424671458286,-0.5066942062715994,0.5714285714285711
663,3.167969107613755,4.6526957480816815,2.073000770905041,0.5714285714285711
664,4.6526957480816815,1.094968336708714,3.167969107613755,0.7142857142857142
665,1.094968336708714,2.5796949771766404,0.0,1.0
666,2.073000770905041,4.6526957480816815,3.167969107613755,0.7142857142857142
667,0.0,0.5882741304371146,2.5796949771766404,0.857142857142857
668,1.4847266404679265,0.0,3.167969107613755,0.857142857142857
669,1.6832424671458286,0.5066942062715994,2.5796949771766404,0.857142857142857
670,4.6526957480816815,1.6832424671458286,2.073000770905041,0.7142857142857142
671,2.5796949771766404,4.6526957480816815,3.167969107613755,0.5714285714285711
672,2.5796949771766404,1.4847266404679265,0.0,0.5714285714285711
673,1.4847266404679265,2.5796949771766404,0.5882741304371144,0.5714285714285711
674,3.167969107613755,3.167969107613755,-0.5882741304371144,0.5714285714285711
675,2.5796949771766404,0.5882741304371146,2.5796949771766404,0.7142857142857142
676,1.6832424671458286,3.167969107613755,2.073000770905041,0.7142857142857142
677,1.4847266404679265,2.073000770905041,3.167969107613755,0.857142857142857
678,2.073000770905041,1.6832424671458286,1.6832424671458286,0.857142857142857
679,1.4847266404679265,2.5796949771766404,2.5796949771766404,0.857142857142857
680,1.6832424671458286,2.073000770905041,0.0,0.7142857142857142
681,2.5796949771766404,1.094968336708714,0.0,0.7142857142857142
682,0.0,2.5796949771766404,0.5882741304371146,0.5714285714285711
683,3.167969107613755,1.6832424671458286,0.5882741304371146,0.5714285714285711
684,2.073000770905041,0.0,0.5882741304371144,0.7142857142857142
685,-2.5796949771766404,1.094968336708714,2.073000770905041,0.7142857142857142
686,1.4847266404679265,1.094968336708714,2.5796949771766404,0.7142857142857142
687,1.6832424671458286,0.0,0.0,0.5714285714285711
688,4.6526957480816815,3.167969107613755,2.073000770905041,1.0
689,2.073000770905041,0.0,2.073000770905041,1.0
690,3.167969107613755,3.167969107613755,3.167969107613755,0.857142857142857
691,4.6526957480816815,2.5796949771766404,1.4847266404679265,0.857142857142857
692,1.6832424671458286,1.094968336708714,2.5796949771766404,1.0
693,0.0,1.094968336708714,2.073000770905041,0.857142857142857
694,2.5796949771766404,1.6832424671458286,0.0,0.857142857142857
695,1.4847266404679265,1.4847266404679265,3.167969107613755,0.7142857142857142
696,1.4847266404679265,0.0,3.167969107613755,0.7142857142857142
697,2.073000770905041,1.4847266404679265,2.073000770905041,0.857142857142857
698,0.5882741304371144,3.167969107613755,3.167969107613755,0.7142857142857142
699,0.0,1.094968336708714,-1.4847266404679265,0.857142857142857
700,2.073000770905041,0.5066942062715994,2.073000770905041,0.857142857142857
701,-1.4847266404679265,0.5882741304371144,0.5066942062715994,0.5714285714285711
702,3.167969107613755,4.6526957480816815,1.6832424671458286,1.0
703,2.5796949771766404,4.6526957480816815,4.6526957480816815,1.0
704,1.094968336708714,0.5882741304371146,0.0,0.857142857142857
705,2.5796949771766404,2.5796949771766404,2.5796949771766404,0.857142857142857
706,2.5796949771766404,3.167969107613755,1.094968336708714,0.7142857142857142
707,1.094968336708714,0.5882741304371144,1.094968336708714,1.0
708,0.0,0.5882741304371146,2.073000770905041,0.5714285714285711
709,4.6526957480816815,1.6832424671458286,1.6832424671458286,0.7142857142857142
710,3.167969107613755,4.6526957480816815,3.167969107613755,0.7142857142857142
711,3.167969107613755,2.5796949771766404,4.6526957480816815,0.5714285714285711
712,0.5066942062715994,-1.4847266404679265,1.094968336708714,0.857142857142857
713,1.094968336708714,-0.5882741304371144,0.0,1.0
714,1.094968336708714,3.167969107613755,3.167969107613755,0.7142857142857142
715,0.0,0.5066942062715994,2.5796949771766404,0.7142857142857142
716,1.4847266404679265,2.5796949771766404,1.4847266404679265,0.5714285714285711
717,1.094968336708714,1.094968336708714,0.0,1.0
718,2.5796949771766404,3.167969107613755,2.5796949771766404,0.857142857142857
719,0.0,2.5796949771766404,0.5882741304371144,0.857142857142857
720,2.5796949771766404,3.167969107613755,0.5882741304371144,0.7142857142857142
721,2.5796949771766404,3.167969107613755,3.167969107613755,0.857142857142857
722,0.0,3.167969107613755,3.167969107613755,0.857142857142857
723,1.4847266404679265,1.4847266404679265,2.5796949771766404,0.857142857142857
724,4.6526957480816815,1.094968336708714,0.5882741304371146,0.857142857142857
725,1.6832424671458286,0.0,2.5796949771766404,0.857142857142857
726,2.5796949771766404,2.5796949771766404,2.5796949771766404,0.7142857142857142
727,0.5882741304371144,1.4847266404679265,-1.094968336708714,0.5714285714285711
728,0.0,0.5066942062715994,0.5882741304371146,0.7142857142857142
729,0.0,2.073000770905041,3.167969107613755,0.5714285714285711
730,2.5796949771766404,3.167969107613755,0.5882741304371144,0.7142857142857142
731,-1.4847266404679265,-0.5882741304371144,0.0,0.7142857142857142
732,2.073000770905041,1.6832424671458286,3.167969107613755,0.7142857142857142
733,2.5796949771766404,3.167969107613755,2.5796949771766404,0.857142857142857
734,1.4847266404679265,2.073000770905041,0.0,0.5714285714285711
735,2.5796949771766404,4.6526957480816815,3.167969107613755,0.857142857142857
736,-0.5066942062715994,0.0,-0.5882741304371144,0.7142857142857142
737,0.5066942062715994,3.167969107613755,3.167969107613755,0.5714285714285711
738,2.073000770905041,0.0,1.094968336708714,0.5714285714285711
739,4.6526957480816815,1.094968336708714,2.073000770905041,0.857142857142857
740,2.073000770905041,3.167969107613755,1.094968336708714,0.857142857142857
741,2.5796949771766404,0.5882741304371146,4.6526957480816815,0.5714285714285711
742,1.4847266404679265,1.094968336708714,1.6832424671458286,0.857142857142857
743,0.5882741304371144,1.094968336708714,0.0,0.5714285714285711
744,2.5796949771766404,3.167969107613755,3.167969107613755,0.5714285714285711
745,0.0,1.6832424671458286,0.0,1.0
746,1.6832424671458286,2.5796949771766404,2.5796949771766404,0.857142857142857
747,2.5796949771766404,1.094968336708714,2.073000770905041,0.7142857142857142
748,3.167969107613755,3.167969107613755,1.6832424671458286,1.0
749,3.167969107613755,1.6832424671458286,3.167969107613755,0.7142857142857142
750,2.073000770905041,2.073000770905041,2.073000770905041,0.5714285714285711
751,3.167969107613755,0.5882741304371146,3.167969107613755,0.5714285714285711
752,2.073000770905041,0.0,2.5796949771766404,0.857142857142857
753,3.167969107613755,2.5796949771766404,1.6832424671458286,0.7142857142857142
754,0.5882741304371144,3.167969107613755,3.167969107613755,0.7142857142857142
755,1.4847266404679265,1.4847266404679265,2.073000770905041,0.7142857142857142
756,-1.4847266404679265,1.4847266404679265,0.0,0.7142857142857142
757,-1.4847266404679265,-0.5882741304371146,1.4847266404679265,0.857142857142857
758,0.0,1.094968336708714,1.094968336708714,0.7142857142857142
759,0.0,2.073000770905041,2.073000770905041,0.857142857142857
760,2.5796949771766404,1.4847266404679265,1.6832424671458286,0.5714285714285711
761,2.5796949771766404,2.5796949771766404,1.094968336708714,0.7142857142857142
762,1.4847266404679265,2.073000770905041,4.6526957480816815,0.857142857142857
763,1.4847266404679265,0.5882741304371146,0.0,0.5714285714285711
764,1.6832424671458286,4.6526957480816815,2.5796949771766404,0.5714285714285711
765,2.073000770905041,0.5882741304371146,3.167969107613755,0.5714285714285711
766,1.094968336708714,1.6832424671458286,1.094968336708714,0.857142857142857
767,4.6526957480816815,3.167969107613755,3.167969107613755,0.857142857142857
768,0.0,0.5066942062715994,1.094968336708714,1.0
769,2.5796949771766404,2.073000770905041,2.5796949771766404,0.857142857142857
770,1.094968336708714,2.5796949771766404,3.167969107613755,0.7142857142857142
771,0.5066942062715994,4.6526957480816815,2.5796949771766404,0.7142857142857142
772,2.073000770905041,1.094968336708714,1.6832424671458286,0.7142857142857142
773,2.5796949771766404,2.5796949771766404,1.6832424671458286,0.857142857142857
774,1.4847266404679265,1.6832424671458286,2.5796949771766404,0.7142857142857142
775,1.094968336708714,0.0,0.5882741304371146,0.857142857142857
776,4.6526957480816815,1.6832424671458286,2.5796949771766404,0.7142857142857142
777,2.5796949771766404,0.0,1.094968336708714,0.7142857142857142
778,0.5882741304371144,2.5796949771766404,3.167969107613755,1.0
779,1.4847266404679265,2.5796949771766404,3.167969107613755,0.5714285714285711
780,1.4847266404679265,1.094968336708714,1.094968336708714,0.7142857142857142
781,2.073000770905041,2.5796949771766404,1.094968336708714,0.7142857142857142
782,2.5796949771766404,0.0,0.0,0.5714285714285711
783,0.5882741304371144,2.073000770905041,1.6832424671458286,0.7142857142857142
784,1.4847266404679265,2.073000770905041,2.5796949771766404,0.5714285714285711
785,4.6526957480816815,1.6832424671458286,3.167969107613755,0.857142857142857
786,2.073000770905041,2.5796949771766404,3.167969107613755,0.857142857142857
787,0.0,0.5066942062715994,0.5066942062715994,0.7142857142857142
788,2.073000770905041,1.094968336708714,1.094968336708714,0.7142857142857142
789,0.0,1.094968336708714,0.5882741304371146,0.7142857142857142
790,3.167969107613755,3.167969107613755,2.073000770905041,1.0
791,1.4847266404679265,1.4847266404679265,-1.4847266404679265,0.7142857142857142
792,0.0,0.0,0.0,0.5714285714285711
793,0.5882741304371144,0.5882741304371144,-0.5882741304371144,0.857142857142857
794,2.5796949771766404,0.5066942062715994,4.6526957480816815,0.857142857142857
795,2.5796949771766404,1.6832424671458286,1.094968336708714,0.7142857142857142
796,-0.5066942062715994,3.167969107613755,1.094968336708714,0.5714285714285711
797,0.5066942062715994,0.5882741304371146,0.0,0.7142857142857142
798,-1.4847266404679265,-2.5796949771766404,2.073000770905041,0.5714285714285711
799,0.5882741304371144,1.094968336708714,0.5882741304371146,0.5714285714285711
800,0.0,2.5796949771766404,3.167969107613755,0.5714285714285711
801,0.0,3.167969107613755,-0.5066942062715994,0.7142857142857142
