P,C,I,N,CRT
0,,,1.4847266404679265,0.0
1,,,1.4847266404679265,0.7142857142857142
2,3.167969107613755,4.6526957480816815,1.094968336708714,0.5714285714285711
3,0.0,0.5882741304371146,2.5796949771766404,0.42857142857142894
4,1.4847266404679265,0.0,0.0,0.5714285714285711
5,0.5882741304371146,-1.4847266404679265,-0.5882741304371146,0.7142857142857142
6,0.0,3.167969107613755,2.073000770905041,0.7142857142857142
7,0.0,2.073000770905041,0.0,0.7142857142857142
8,1.094968336708714,0.0,1.6832424671458286,0.7142857142857142
9,-1.4847266404679265,1.6832424671458286,3.167969107613755,0.5714285714285711
10,1.6832424671458286,3.167969107613755,1.6832424671458286,0.7142857142857142
11,2.073000770905041,3.167969107613755,1.6832424671458286,0.5714285714285711
12,-2.073000770905041,0.5882741304371146,0.5882741304371146,0.42857142857142894
13,1.094968336708714,2.5796949771766404,0.0,0.7142857142857142
14,3.167969107613755,4.6526957480816815,4.6526957480816815,0.857142857142857
15,0.0,1.4847266404679265,1.4847266404679265,0.42857142857142894
16,0.5882741304371144,0.0,-0.5882741304371146,0.5714285714285711
17,1.094968336708714,1.094968336708714,2.5796949771766404,0.5714285714285711
18,2.5796949771766404,0.0,0.5882741304371144,0.7142857142857142
19,3.167969107613755,4.6526957480816815,4.6526957480816815,0.5714285714285711
20,3.167969107613755,4.6526957480816815,3.167969107613755,0.857142857142857
21,1.6832424671458286,2.5796949771766404,3.167969107613755,0.857142857142857
22,0.5066942062715994,3.167969107613755,0.0,0.857142857142857
23,2.073000770905041,0.5066942062715994,0.0,0.5714285714285711
24,0.5882741304371144,4.6526957480816815,3.167969107613755,0.7142857142857142
25,0.5882741304371144,1.6832424671458286,1.6832424671458286,0.14285714285714302
26,1.6832424671458286,3.167969107613755,3.167969107613755,0.42857142857142894
27,1.094968336708714,2.5796949771766404,2.073000770905041,0.28571428571428603
28,0.5882741304371144,2.073000770905041,0.0,0.42857142857142894
29,1.6832424671458286,1.6832424671458286,0.0,0.5714285714285711
30,3.167969107613755,3.167969107613755,2.5796949771766404,0.7142857142857142
31,3.167969107613755,1.094968336708714,3.167969107613755,0.7142857142857142
32,1.4847266404679265,3.167969107613755,3.167969107613755,0.7142857142857142
33,3.167969107613755,3.167969107613755,1.4847266404679265,0.5714285714285711
34,0.0,4.6526957480816815,3.167969107613755,0.5714285714285711
35,1.4847266404679265,2.073000770905041,4.6526957480816815,0.5714285714285711
36,1.094968336708714,1.094968336708714,0.5882741304371144,1.0
37,1.094968336708714,2.5796949771766404,3.167969107613755,0.5714285714285711
38,2.073000770905041,0.0,1.094968336708714,0.7142857142857142
39,1.4847266404679265,1.094968336708714,1.094968336708714,0.5714285714285711
40,2.073000770905041,-2.073000770905041,0.0,0.42857142857142894
41,2.5796949771766404,3.167969107613755,1.4847266404679265,0.7142857142857142
42,0.5882741304371144,1.094968336708714,2.5796949771766404,0.5714285714285711
43,0.5882741304371146,0.5882741304371146,0.0,0.857142857142857
44,1.094968336708714,1.6832424671458286,4.6526957480816815,0.5714285714285711
45,0.5066942062715994,2.073000770905041,2.5796949771766404,0.42857142857142894
46,-0.5882741304371144,0.0,-1.094968336708714,0.857142857142857
47,3.167969107613755,2.5796949771766404,3.167969107613755,0.857142857142857
48,1.6832424671458286,2.5796949771766404,3.167969107613755,0.5714285714285711
49,0.0,2.5796949771766404,2.5796949771766404,0.857142857142857
50,0.5882741304371144,1.6832424671458286,1.094968336708714,0.7142857142857142
51,0.0,2.073000770905041,2.073000770905041,0.7142857142857142
52,2.5796949771766404,4.6526957480816815,4.6526957480816815,0.5714285714285711
53,2.5796949771766404,0.0,0.0,0.5714285714285711
54,-1.094968336708714,1.094968336708714,2.5796949771766404,0.5714285714285711
55,-2.5796949771766404,1.6832424671458286,1.4847266404679265,0.14285714285714302
56,0.0,2.073000770905041,1.4847266404679265,0.42857142857142894
57,2.5796949771766404,3.167969107613755,1.094968336708714,0.42857142857142894
58,2.073000770905041,1.094968336708714,2.073000770905041,0.28571428571428603
59,3.167969107613755,3.167969107613755,1.6832424671458286,0.42857142857142894
60,0.5066942062715994,1.094968336708714,2.073000770905041,0.28571428571428603
61,2.073000770905041,1.094968336708714,2.073000770905041,0.5714285714285711
62,3.167969107613755,2.073000770905041,1.094968336708714,0.7142857142857142
63,3.167969107613755,4.6526957480816815,3.167969107613755,0.5714285714285711
64,3.167969107613755,4.6526957480816815,0.5882741304371146,0.857142857142857
65,1.094968336708714,3.167969107613755,1.4847266404679265,0.7142857142857142
66,1.6832424671458286,3.167969107613755,2.5796949771766404,0.5714285714285711
67,0.0,0.0,-0.5066942062715994,0.7142857142857142
68,0.5882741304371146,1.094968336708714,2.5796949771766404,0.42857142857142894
69,0.5882741304371144,0.0,0.5882741304371146,0.28571428571428603
70,0.5882741304371144,3.167969107613755,2.073000770905041,0.5714285714285711
71,1.094968336708714,0.5066942062715994,0.5066942062715994,0.14285714285714302
72,3.167969107613755,3.167969107613755,2.073000770905041,0.5714285714285711
73,2.5796949771766404,1.094968336708714,3.167969107613755,0.857142857142857
74,1.094968336708714,0.5882741304371144,0.5882741304371144,0.5714285714285711
75,1.6832424671458286,2.073000770905041,1.094968336708714,0.7142857142857142
76,0.5066942062715994,1.094968336708714,0.5882741304371146,0.857142857142857
77,2.073000770905041,3.167969107613755,3.167969107613755,0.5714285714285711
78,2.5796949771766404,2.5796949771766404,0.5882741304371146,0.42857142857142894
79,2.073000770905041,0.0,0.0,0.5714285714285711
80,0.0,2.073000770905041,2.073000770905041,0.42857142857142894
81,3.167969107613755,2.5796949771766404,2.5796949771766404,0.5714285714285711
82,1.094968336708714,2.5796949771766404,1.094968336708714,0.42857142857142894
83,1.6832424671458286,0.5882741304371146,0.5066942062715994,0.857142857142857
84,4.6526957480816815,4.6526957480816815,4.6526957480816815,0.42857142857142894
85,0.0,4.6526957480816815,1.6832424671458286,0.42857142857142894
86,0.5882741304371144,2.073000770905041,2.5796949771766404,0.857142857142857
87,2.5796949771766404,0.5066942062715994,2.073000770905041,0.857142857142857
88,0.5882741304371144,4.6526957480816815,4.6526957480816815,0.7142857142857142
89,3.167969107613755,3.167969107613755,3.167969107613755,0.7142857142857142
90,1.094968336708714,0.0,0.5882741304371144,1.0
91,2.073000770905041,2.073000770905041,2.073000770905041,0.5714285714285711
92,0.5882741304371144,3.167969107613755,1.4847266404679265,0.42857142857142894
93,1.4847266404679265,2.073000770905041,1.6832424671458286,0.5714285714285711
94,2.073000770905041,0.5882741304371144,2.073000770905041,0.5714285714285711
95,0.5066942062715994,2.5796949771766404,1.4847266404679265,0.5714285714285711
96,3.167969107613755,3.167969107613755,2.5796949771766404,0.7142857142857142
97,0.5882741304371144,0.5882741304371146,-0.5066942062715994,0.857142857142857
98,0.0,0.5882741304371144,1.4847266404679265,1.0
99,1.4847266404679265,3.167969107613755,3.167969107613755,0.5714285714285711
100,-0.5066942062715994,0.0,-0.5882741304371146,0.5714285714285711
101,2.073000770905041,1.4847266404679265,0.5882741304371144,0.7142857142857142
102,2.5796949771766404,4.6526957480816815,-0.5066942062715994,0.7142857142857142
103,2.073000770905041,3.167969107613755,3.167969107613755,0.42857142857142894
104,1.094968336708714,0.5882741304371146,1.4847266404679265,0.7142857142857142
105,1.094968336708714,0.0,2.5796949771766404,0.7142857142857142
106,2.5796949771766404,3.167969107613755,3.167969107613755,0.42857142857142894
107,1.4847266404679265,0.0,1.4847266404679265,1.0
108,3.167969107613755,3.167969107613755,2.5796949771766404,0.857142857142857
109,0.5882741304371144,3.167969107613755,1.6832424671458286,0.5714285714285711
110,2.5796949771766404,3.167969107613755,0.5882741304371146,0.5714285714285711
111,3.167969107613755,3.167969107613755,3.167969107613755,0.5714285714285711
112,2.073000770905041,3.167969107613755,1.094968336708714,0.42857142857142894
113,3.167969107613755,2.5796949771766404,3.167969107613755,0.7142857142857142
114,1.094968336708714,1.6832424671458286,2.073000770905041,0.5714285714285711
115,3.167969107613755,3.167969107613755,2.5796949771766404,0.42857142857142894
116,1.6832424671458286,0.0,2.5796949771766404,0.7142857142857142
117,2.5796949771766404,1.4847266404679265,2.073000770905041,0.28571428571428603
118,3.167969107613755,3.167969107613755,1.6832424671458286,0.7142857142857142
119,0.0,3.167969107613755,1.094968336708714,1.0
120,2.073000770905041,1.094968336708714,2.5796949771766404,0.857142857142857
121,0.5066942062715994,3.167969107613755,1.094968336708714,0.7142857142857142
122,0.5882741304371146,1.094968336708714,2.073000770905041,0.42857142857142894
123,0.5066942062715994,3.167969107613755,1.6832424671458286,0.5714285714285711
124,2.5796949771766404,4.6526957480816815,3.167969107613755,0.42857142857142894
125,2.5796949771766404,1.4847266404679265,0.5882741304371146,0.7142857142857142
126,0.0,2.5796949771766404,0.5882741304371146,0.857142857142857
127,1.094968336708714,0.5882741304371146,2.5796949771766404,0.7142857142857142
128,0.0,0.0,1.094968336708714,0.7142857142857142
129,1.094968336708714,2.5796949771766404,1.094968336708714,0.5714285714285711
130,2.5796949771766404,4.6526957480816815,1.6832424671458286,0.5714285714285711
131,1.6832424671458286,1.094968336708714,3.167969107613755,0.42857142857142894
132,4.6526957480816815,2.073000770905041,2.5796949771766404,0.857142857142857
133,0.0,3.167969107613755,3.167969107613755,0.7142857142857142
134,1.094968336708714,1.6832424671458286,0.5066942062715994,1.0
135,0.5882741304371144,0.5066942062715994,2.5796949771766404,0.857142857142857
136,0.5882741304371144,2.073000770905041,0.0,0.5714285714285711
137,1.094968336708714,1.094968336708714,1.6832424671458286,0.5714285714285711
138,1.094968336708714,3.167969107613755,4.6526957480816815,0.7142857142857142
139,1.6832424671458286,1.4847266404679265,1.094968336708714,0.42857142857142894
140,2.5796949771766404,0.0,1.094968336708714,0.42857142857142894
141,2.5796949771766404,1.4847266404679265,0.5882741304371144,0.14285714285714302
142,2.073000770905041,1.094968336708714,0.0,0.28571428571428603
143,1.6832424671458286,3.167969107613755,2.073000770905041,0.5714285714285711
144,3.167969107613755,3.167969107613755,2.073000770905041,0.5714285714285711
145,1.094968336708714,2.5796949771766404,1.094968336708714,0.28571428571428603
146,0.5066942062715994,1.4847266404679265,-0.5882741304371146,0.42857142857142894
147,0.5882741304371144,2.073000770905041,3.167969107613755,0.857142857142857
148,1.094968336708714,2.5796949771766404,3.167969107613755,0.7142857142857142
149,0.5882741304371144,3.167969107613755,0.0,0.7142857142857142
150,0.5882741304371144,2.5796949771766404,2.073000770905041,0.42857142857142894
151,1.6832424671458286,1.094968336708714,0.5066942062715994,0.5714285714285711
152,3.167969107613755,3.167969107613755,3.167969107613755,0.42857142857142894
153,1.6832424671458286,0.0,2.073000770905041,0.28571428571428603
154,1.094968336708714,1.094968336708714,2.073000770905041,0.42857142857142894
155,1.094968336708714,0.5882741304371146,-0.5066942062715994,0.42857142857142894
156,2.5796949771766404,1.094968336708714,1.4847266404679265,0.5714285714285711
157,-2.073000770905041,1.6832424671458286,0.5882741304371144,0.42857142857142894
158,1.4847266404679265,2.5796949771766404,2.073000770905041,0.5714285714285711
159,2.5796949771766404,3.167969107613755,3.167969107613755,0.42857142857142894
160,3.167969107613755,4.6526957480816815,1.094968336708714,0.42857142857142894
161,1.094968336708714,3.167969107613755,0.5066942062715994,0.5714285714285711
162,2.5796949771766404,0.5882741304371144,0.0,0.5714285714285711
163,2.5796949771766404,1.4847266404679265,0.0,0.7142857142857142
164,2.5796949771766404,4.6526957480816815,1.6832424671458286,0.857142857142857
165,2.5796949771766404,1.6832424671458286,0.5882741304371146,0.7142857142857142
166,2.073000770905041,3.167969107613755,2.073000770905041,0.666666666666667
167,3.167969107613755,3.167969107613755,3.167969107613755,0.42857142857142894
168,2.073000770905041,4.6526957480816815,0.5882741304371144,0.5714285714285711
169,1.4847266404679265,0.0,0.0,0.28571428571428603
170,2.073000770905041,2.073000770905041,2.5796949771766404,0.7142857142857142
171,1.094968336708714,0.5066942062715994,0.5882741304371146,0.5714285714285711
172,4.6526957480816815,4.6526957480816815,0.5882741304371146,0.857142857142857
173,0.5066942062715994,1.4847266404679265,1.6832424671458286,0.42857142857142894
174,2.073000770905041,1.094968336708714,1.4847266404679265,0.7142857142857142
175,2.5796949771766404,2.5796949771766404,0.5882741304371146,1.0
176,1.6832424671458286,2.5796949771766404,2.073000770905041,0.5714285714285711
177,0.0,2.073000770905041,0.0,0.42857142857142894
178,0.0,1.094968336708714,0.5882741304371144,0.5714285714285711
179,1.4847266404679265,1.094968336708714,0.5882741304371146,0.5714285714285711
180,0.0,1.094968336708714,1.6832424671458286,0.0
181,1.094968336708714,4.6526957480816815,2.073000770905041,0.5714285714285711
182,-0.5882741304371144,-1.094968336708714,0.5882741304371144,0.7142857142857142
183,0.5882741304371144,0.5066942062715994,1.094968336708714,0.5714285714285711
184,-1.094968336708714,1.4847266404679265,0.0,0.857142857142857
185,2.073000770905041,3.167969107613755,4.6526957480816815,0.42857142857142894
186,0.0,1.6832424671458286,1.6832424671458286,0.42857142857142894
187,3.167969107613755,2.5796949771766404,3.167969107613755,0.857142857142857
188,1.094968336708714,0.5066942062715994,1.094968336708714,0.857142857142857
189,2.5796949771766404,2.5796949771766404,2.073000770905041,0.857142857142857
190,1.4847266404679265,2.073000770905041,2.073000770905041,0.5714285714285711
191,-0.5066942062715994,2.5796949771766404,0.5066942062715994,0.7142857142857142
192,1.4847266404679265,1.4847266404679265,2.073000770905041,0.42857142857142894
193,1.6832424671458286,3.167969107613755,2.073000770905041,0.7142857142857142
194,-0.5066942062715994,4.6526957480816815,1.094968336708714,0.5714285714285711
195,2.5796949771766404,1.6832424671458286,4.6526957480816815,0.5714285714285711
196,1.4847266404679265,2.5796949771766404,2.5796949771766404,0.5714285714285711
197,0.0,3.167969107613755,2.5796949771766404,0.14285714285714302
198,0.5882741304371144,2.5796949771766404,0.0,0.0
199,1.094968336708714,3.167969107613755,0.0,0.14285714285714302
200,1.094968336708714,3.167969107613755,1.094968336708714,0.28571428571428603
201,1.6832424671458286,3.167969107613755,4.6526957480816815,0.0
202,3.167969107613755,3.167969107613755,3.167969107613755,0.28571428571428603
203,3.167969107613755,4.6526957480816815,1.6832424671458286,0.0
204,2.073000770905041,4.6526957480816815,2.5796949771766404,0.28571428571428603
205,1.094968336708714,3.167969107613755,4.6526957480816815,0.28571428571428603
206,3.167969107613755,4.6526957480816815,4.6526957480816815,0.28571428571428603
207,0.0,2.073000770905041,1.094968336708714,0.14285714285714302
208,2.073000770905041,4.6526957480816815,3.167969107613755,0.14285714285714302
209,1.6832424671458286,3.167969107613755,3.167969107613755,0.28571428571428603
210,1.094968336708714,3.167969107613755,3.167969107613755,0.14285714285714302
211,1.094968336708714,3.167969107613755,1.094968336708714,0.14285714285714302
212,4.6526957480816815,3.167969107613755,4.6526957480816815,0.42857142857142894
213,2.5796949771766404,4.6526957480816815,-2.073000770905041,0.28571428571428603
214,1.094968336708714,4.6526957480816815,3.167969107613755,0.28571428571428603
215,2.5796949771766404,0.5066942062715994,1.6832424671458286,0.28571428571428603
216,0.0,2.073000770905041,4.6526957480816815,0.42857142857142894
217,1.094968336708714,3.167969107613755,0.0,0.28571428571428603
218,0.5882741304371144,4.6526957480816815,1.6832424671458286,0.14285714285714302
219,-2.073000770905041,2.5796949771766404,0.5066942062715994,0.0
220,4.6526957480816815,4.6526957480816815,4.6526957480816815,0.0
221,0.0,3.167969107613755,3.167969107613755,0.0
222,1.4847266404679265,4.6526957480816815,2.5796949771766404,0.14285714285714302
223,2.5796949771766404,3.167969107613755,3.167969107613755,0.14285714285714302
224,3.167969107613755,3.167969107613755,0.5066942062715994,0.0
225,2.5796949771766404,4.6526957480816815,4.6526957480816815,0.0
226,2.5796949771766404,4.6526957480816815,4.6526957480816815,0.0
227,0.5882741304371144,4.6526957480816815,4.6526957480816815,0.14285714285714302
228,1.094968336708714,4.6526957480816815,3.167969107613755,0.14285714285714302
229,1.4847266404679265,3.167969107613755,2.5796949771766404,0.0
230,1.094968336708714,4.6526957480816815,1.094968336708714,0.0
231,0.0,3.167969107613755,2.073000770905041,0.0
232,1.094968336708714,2.5796949771766404,1.094968336708714,0.0
233,1.094968336708714,4.6526957480816815,4.6526957480816815,0.0
234,2.073000770905041,3.167969107613755,2.073000770905041,0.14285714285714302
235,0.0,0.0,1.4847266404679265,0.0
236,-0.5066942062715994,0.5882741304371144,3.167969107613755,0.14285714285714302
237,1.6832424671458286,3.167969107613755,2.5796949771766404,0.28571428571428603
238,1.6832424671458286,4.6526957480816815,3.167969107613755,0.28571428571428603
239,0.5882741304371144,3.167969107613755,3.167969107613755,0.42857142857142894
240,3.167969107613755,4.6526957480816815,0.5066942062715994,0.14285714285714302
241,2.073000770905041,3.167969107613755,1.094968336708714,0.14285714285714302
242,1.4847266404679265,2.073000770905041,2.073000770905041,0.28571428571428603
243,4.6526957480816815,1.094968336708714,3.167969107613755,0.14285714285714302
244,3.167969107613755,3.167969107613755,1.6832424671458286,0.14285714285714302
245,2.073000770905041,0.0,1.4847266404679265,0.42857142857142894
246,0.5882741304371144,0.0,1.6832424671458286,0.14285714285714302
247,1.4847266404679265,3.167969107613755,3.167969107613755,0.14285714285714302
248,3.167969107613755,1.094968336708714,3.167969107613755,0.42857142857142894
249,1.6832424671458286,2.5796949771766404,2.073000770905041,0.28571428571428603
250,-0.5066942062715994,4.6526957480816815,2.5796949771766404,0.42857142857142894
251,3.167969107613755,4.6526957480816815,4.6526957480816815,0.28571428571428603
252,1.094968336708714,3.167969107613755,0.5882741304371144,0.42857142857142894
253,1.094968336708714,3.167969107613755,2.073000770905041,0.28571428571428603
254,0.0,3.167969107613755,2.5796949771766404,0.0
255,1.6832424671458286,2.073000770905041,3.167969107613755,0.0
256,0.0,4.6526957480816815,2.5796949771766404,0.0
257,0.0,3.167969107613755,3.167969107613755,0.0
258,4.6526957480816815,1.094968336708714,0.5066942062715994,0.0
259,2.5796949771766404,0.0,0.5882741304371144,0.28571428571428603
260,0.5882741304371144,2.5796949771766404,2.5796949771766404,0.0
261,2.073000770905041,4.6526957480816815,1.094968336708714,0.0
262,1.094968336708714,0.0,0.0,0.0
263,1.094968336708714,3.167969107613755,2.5796949771766404,0.0
264,2.5796949771766404,4.6526957480816815,4.6526957480816815,0.0
265,1.094968336708714,1.094968336708714,2.5796949771766404,0.14285714285714302
266,3.167969107613755,3.167969107613755,3.167969107613755,0.14285714285714302
267,2.5796949771766404,4.6526957480816815,1.6832424671458286,0.0
268,2.5796949771766404,0.5066942062715994,3.167969107613755,0.42857142857142894
269,3.167969107613755,1.094968336708714,4.6526957480816815,0.28571428571428603
270,1.6832424671458286,4.6526957480816815,0.5882741304371144,0.14285714285714302
271,0.0,0.0,2.5796949771766404,0.0
272,2.5796949771766404,4.6526957480816815,2.5796949771766404,0.14285714285714302
273,1.094968336708714,3.167969107613755,4.6526957480816815,0.42857142857142894
274,2.073000770905041,4.6526957480816815,2.5796949771766404,0.0
275,0.5882741304371144,0.0,2.5796949771766404,0.28571428571428603
276,2.073000770905041,4.6526957480816815,2.073000770905041,0.14285714285714302
277,3.167969107613755,4.6526957480816815,1.094968336708714,0.14285714285714302
278,2.5796949771766404,4.6526957480816815,1.6832424671458286,0.14285714285714302
279,1.4847266404679265,3.167969107613755,0.0,0.42857142857142894
280,1.094968336708714,3.167969107613755,2.5796949771766404,0.28571428571428603
281,3.167969107613755,3.167969107613755,1.6832424671458286,0.14285714285714302
282,1.4847266404679265,3.167969107613755,4.6526957480816815,0.0
283,1.4847266404679265,2.5796949771766404,4.6526957480816815,0.0
284,3.167969107613755,4.6526957480816815,1.6832424671458286,0.0
285,2.073000770905041,1.6832424671458286,2.5796949771766404,0.0
286,2.5796949771766404,2.5796949771766404,2.5796949771766404,0.0
287,2.5796949771766404,0.5066942062715994,1.4847266404679265,0.42857142857142894
288,3.167969107613755,4.6526957480816815,2.5796949771766404,0.0
289,0.5882741304371144,1.094968336708714,3.167969107613755,0.28571428571428603
290,1.4847266404679265,2.5796949771766404,1.4847266404679265,0.14285714285714302
291,0.0,1.4847266404679265,1.4847266404679265,0.0
292,1.094968336708714,1.094968336708714,1.6832424671458286,0.0
293,0.0,0.0,0.0,0.28571428571428603
294,1.4847266404679265,4.6526957480816815,2.5796949771766404,0.14285714285714302
295,2.5796949771766404,3.167969107613755,3.167969107613755,0.0
296,1.6832424671458286,3.167969107613755,4.6526957480816815,0.0
297,1.4847266404679265,0.0,2.073000770905041,0.14285714285714302
298,2.073000770905041,1.094968336708714,1.4847266404679265,0.0
299,1.4847266404679265,2.073000770905041,2.073000770905041,0.0
300,0.5066942062715994,0.5882741304371144,0.0,0.28571428571428603
301,1.6832424671458286,2.5796949771766404,3.167969107613755,0.42857142857142894
302,2.5796949771766404,3.167969107613755,0.0,0.0
303,2.5796949771766404,3.167969107613755,2.5796949771766404,0.14285714285714302
304,3.167969107613755,1.6832424671458286,0.5066942062715994,0.0
305,2.5796949771766404,4.6526957480816815,3.167969107613755,0.28571428571428603
306,2.5796949771766404,2.5796949771766404,1.4847266404679265,0.0
307,0.0,1.094968336708714,2.5796949771766404,0.28571428571428603
308,1.6832424671458286,1.094968336708714,0.5882741304371146,0.28571428571428603
309,4.6526957480816815,4.6526957480816815,3.167969107613755,0.42857142857142894
310,1.6832424671458286,3.167969107613755,1.094968336708714,0.14285714285714302
311,2.073000770905041,3.167969107613755,3.167969107613755,0.14285714285714302
312,3.167969107613755,3.167969107613755,3.167969107613755,0.14285714285714302
313,2.5796949771766404,4.6526957480816815,3.167969107613755,0.28571428571428603
314,1.094968336708714,3.167969107613755,1.6832424671458286,0.42857142857142894
315,-1.4847266404679265,1.094968336708714,1.4847266404679265,0.14285714285714302
316,2.5796949771766404,3.167969107613755,3.167969107613755,0.28571428571428603
317,0.0,3.167969107613755,1.094968336708714,0.14285714285714302
318,2.5796949771766404,1.094968336708714,0.5882741304371146,0.14285714285714302
319,3.167969107613755,2.5796949771766404,1.094968336708714,0.14285714285714302
320,4.6526957480816815,2.073000770905041,2.073000770905041,0.28571428571428603
321,1.6832424671458286,1.094968336708714,3.167969107613755,0.28571428571428603
322,1.6832424671458286,1.6832424671458286,2.073000770905041,0.28571428571428603
323,0.0,0.5882741304371144,2.073000770905041,0.42857142857142894
324,-2.073000770905041,1.6832424671458286,2.073000770905041,0.42857142857142894
325,1.6832424671458286,2.5796949771766404,2.5796949771766404,0.42857142857142894
326,2.5796949771766404,1.4847266404679265,2.073000770905041,0.0
327,0.5066942062715994,4.6526957480816815,2.5796949771766404,0.0
328,0.5066942062715994,3.167969107613755,2.5796949771766404,0.0
329,1.094968336708714,1.094968336708714,1.094968336708714,0.14285714285714302
330,2.5796949771766404,3.167969107613755,2.073000770905041,0.0
331,0.5882741304371144,1.094968336708714,2.5796949771766404,0.0
332,2.073000770905041,4.6526957480816815,2.5796949771766404,0.0
333,2.5796949771766404,2.5796949771766404,4.6526957480816815,0.166666666666667
334,2.5796949771766404,3.167969107613755,1.094968336708714,0.14285714285714302
335,2.5796949771766404,3.167969107613755,4.6526957480816815,0.28571428571428603
336,2.5796949771766404,4.6526957480816815,0.5882741304371146,0.14285714285714302
337,1.4847266404679265,2.5796949771766404,3.167969107613755,0.14285714285714302
338,3.167969107613755,3.167969107613755,3.167969107613755,0.14285714285714302
339,1.4847266404679265,1.6832424671458286,3.167969107613755,0.28571428571428603
340,1.094968336708714,1.094968336708714,2.5796949771766404,0.14285714285714302
341,2.073000770905041,2.5796949771766404,2.5796949771766404,0.42857142857142894
342,3.167969107613755,3.167969107613755,4.6526957480816815,0.14285714285714302
343,1.094968336708714,4.6526957480816815,0.5882741304371144,0.14285714285714302
344,2.5796949771766404,4.6526957480816815,3.167969107613755,0.14285714285714302
345,2.5796949771766404,1.094968336708714,2.5796949771766404,0.0
346,1.094968336708714,1.094968336708714,2.5796949771766404,0.0
347,0.0,2.5796949771766404,1.6832424671458286,0.28571428571428603
348,0.0,0.0,-0.5882741304371144,0.28571428571428603
349,-1.4847266404679265,1.6832424671458286,0.0,0.14285714285714302
350,3.167969107613755,2.073000770905041,0.5882741304371146,0.0
351,1.4847266404679265,3.167969107613755,3.167969107613755,0.42857142857142894
352,1.6832424671458286,-1.4847266404679265,0.0,0.14285714285714302
353,0.0,-0.5882741304371144,0.5882741304371146,0.28571428571428603
354,3.167969107613755,4.6526957480816815,3.167969107613755,0.0
355,2.5796949771766404,2.5796949771766404,1.4847266404679265,0.14285714285714302
356,0.0,0.5066942062715994,1.6832424671458286,0.14285714285714302
357,1.4847266404679265,2.073000770905041,0.0,0.0
358,1.094968336708714,0.0,-1.4847266404679265,0.0
359,2.073000770905041,2.5796949771766404,1.6832424671458286,0.14285714285714302
360,1.094968336708714,1.6832424671458286,1.094968336708714,0.0
361,1.094968336708714,2.5796949771766404,2.073000770905041,0.14285714285714302
362,1.094968336708714,0.0,2.5796949771766404,0.14285714285714302
363,1.094968336708714,3.167969107613755,0.0,0.0
364,3.167969107613755,4.6526957480816815,3.167969107613755,0.42857142857142894
365,1.6832424671458286,4.6526957480816815,0.5066942062715994,0.14285714285714302
366,3.167969107613755,2.5796949771766404,2.073000770905041,0.14285714285714302
367,0.0,4.6526957480816815,3.167969107613755,0.0
368,1.094968336708714,2.5796949771766404,2.073000770905041,0.28571428571428603
369,0.5882741304371144,3.167969107613755,3.167969107613755,0.0
370,-1.4847266404679265,2.5796949771766404,1.6832424671458286,0.28571428571428603
371,2.073000770905041,2.5796949771766404,4.6526957480816815,0.0
372,1.6832424671458286,0.5882741304371144,1.094968336708714,0.28571428571428603
373,2.5796949771766404,4.6526957480816815,4.6526957480816815,0.0
374,4.6526957480816815,3.167969107613755,2.5796949771766404,0.28571428571428603
375,0.0,0.5882741304371144,-2.073000770905041,0.14285714285714302
376,1.4847266404679265,2.073000770905041,-1.4847266404679265,0.14285714285714302
377,-1.4847266404679265,-1.4847266404679265,1.4847266404679265,0.14285714285714302
378,3.167969107613755,3.167969107613755,3.167969107613755,0.14285714285714302
379,0.0,2.5796949771766404,1.4847266404679265,0.14285714285714302
380,1.4847266404679265,3.167969107613755,1.6832424671458286,0.28571428571428603
381,3.167969107613755,3.167969107613755,2.5796949771766404,0.14285714285714302
382,3.167969107613755,4.6526957480816815,3.167969107613755,0.14285714285714302
383,2.5796949771766404,2.073000770905041,1.6832424671458286,0.14285714285714302
384,1.094968336708714,4.6526957480816815,1.6832424671458286,0.0
385,2.5796949771766404,3.167969107613755,3.167969107613755,0.0
386,1.094968336708714,4.6526957480816815,3.167969107613755,0.0
387,0.0,1.4847266404679265,1.4847266404679265,0.14285714285714302
388,1.4847266404679265,3.167969107613755,3.167969107613755,0.14285714285714302
389,0.0,3.167969107613755,2.073000770905041,0.14285714285714302
390,2.073000770905041,2.073000770905041,2.073000770905041,0.42857142857142894
391,1.6832424671458286,2.5796949771766404,2.073000770905041,0.0
392,0.5882741304371144,4.6526957480816815,0.5882741304371146,0.0
393,0.5066942062715994,1.6832424671458286,2.073000770905041,0.28571428571428603
394,3.167969107613755,4.6526957480816815,3.167969107613755,0.28571428571428603
395,1.6832424671458286,4.6526957480816815,2.073000770905041,0.0
396,0.5066942062715994,2.5796949771766404,0.0,0.14285714285714302
397,0.5882741304371146,3.167969107613755,0.0,0.14285714285714302
398,1.6832424671458286,3.167969107613755,2.5796949771766404,0.14285714285714302
399,3.167969107613755,3.167969107613755,1.6832424671458286,0.42857142857142894
400,4.6526957480816815,4.6526957480816815,3.167969107613755,0.42857142857142894
401,1.094968336708714,2.5796949771766404,0.5882741304371146,0.14285714285714302
402,1.4847266404679265,3.167969107613755,2.073000770905041,0.28571428571428603
403,2.073000770905041,3.167969107613755,0.5066942062715994,0.42857142857142894
404,3.167969107613755,2.5796949771766404,3.167969107613755,0.14285714285714302
405,0.5066942062715994,4.6526957480816815,2.5796949771766404,0.14285714285714302
406,0.0,2.073000770905041,4.6526957480816815,0.14285714285714302
407,1.6832424671458286,3.167969107613755,2.5796949771766404,0.14285714285714302
408,2.5796949771766404,4.6526957480816815,4.6526957480816815,0.14285714285714302
409,3.167969107613755,3.167969107613755,3.167969107613755,0.14285714285714302
410,1.4847266404679265,4.6526957480816815,1.094968336708714,0.28571428571428603
411,2.073000770905041,1.4847266404679265,2.5796949771766404,0.28571428571428603
412,4.6526957480816815,3.167969107613755,4.6526957480816815,0.28571428571428603
413,1.4847266404679265,4.6526957480816815,1.094968336708714,0.42857142857142894
414,2.073000770905041,1.4847266404679265,0.0,0.42857142857142894
415,3.167969107613755,0.0,-2.073000770905041,0.42857142857142894
416,3.167969107613755,4.6526957480816815,2.5796949771766404,0.42857142857142894
417,2.5796949771766404,1.094968336708714,1.4847266404679265,0.14285714285714302
418,1.6832424671458286,4.6526957480816815,2.5796949771766404,0.0
419,0.0,3.167969107613755,1.6832424671458286,0.14285714285714302
420,-2.073000770905041,-0.5882741304371146,0.5882741304371146,0.14285714285714302
421,0.0,3.167969107613755,2.5796949771766404,0.0
422,2.5796949771766404,1.094968336708714,2.073000770905041,0.0
423,2.073000770905041,2.073000770905041,0.5882741304371144,0.0
424,3.167969107613755,1.6832424671458286,2.5796949771766404,0.28571428571428603
425,1.6832424671458286,2.5796949771766404,0.5066942062715994,0.14285714285714302
426,0.0,1.4847266404679265,0.5882741304371144,0.14285714285714302
427,2.5796949771766404,2.5796949771766404,3.167969107613755,0.14285714285714302
428,3.167969107613755,2.5796949771766404,1.094968336708714,0.28571428571428603
429,1.094968336708714,1.094968336708714,1.6832424671458286,0.28571428571428603
430,1.6832424671458286,2.5796949771766404,2.073000770905041,0.0
431,3.167969107613755,3.167969107613755,3.167969107613755,0.28571428571428603
432,1.6832424671458286,2.5796949771766404,2.5796949771766404,0.0
433,2.5796949771766404,1.6832424671458286,2.5796949771766404,0.14285714285714302
434,3.167969107613755,1.6832424671458286,2.5796949771766404,0.28571428571428603
435,1.094968336708714,3.167969107613755,0.0,0.14285714285714302
436,0.5066942062715994,1.094968336708714,0.5882741304371144,0.28571428571428603
437,1.6832424671458286,2.5796949771766404,0.0,0.14285714285714302
438,0.5882741304371144,0.5066942062715994,0.0,0.14285714285714302
439,2.5796949771766404,4.6526957480816815,2.5796949771766404,0.14285714285714302
440,2.5796949771766404,2.5796949771766404,3.167969107613755,0.14285714285714302
441,2.073000770905041,2.5796949771766404,3.167969107613755,0.14285714285714302
442,-0.5882741304371144,1.094968336708714,2.073000770905041,0.42857142857142894
443,0.0,1.6832424671458286,1.094968336708714,0.42857142857142894
444,2.5796949771766404,1.6832424671458286,3.167969107613755,0.42857142857142894
445,2.5796949771766404,1.4847266404679265,2.5796949771766404,0.28571428571428603
446,2.073000770905041,2.5796949771766404,3.167969107613755,0.42857142857142894
447,2.5796949771766404,4.6526957480816815,3.167969107613755,0.42857142857142894
448,2.073000770905041,3.167969107613755,-0.5882741304371144,0.14285714285714302
449,2.5796949771766404,4.6526957480816815,4.6526957480816815,0.0
450,3.167969107613755,3.167969107613755,3.167969107613755,0.0
451,1.094968336708714,4.6526957480816815,1.094968336708714,0.14285714285714302
452,2.073000770905041,2.5796949771766404,2.073000770905041,0.0
453,3.167969107613755,3.167969107613755,3.167969107613755,0.14285714285714302
454,4.6526957480816815,4.6526957480816815,4.6526957480816815,0.0
455,0.0,1.4847266404679265,2.073000770905041,0.42857142857142894
456,0.5882741304371144,3.167969107613755,0.5882741304371146,0.14285714285714302
457,1.4847266404679265,3.167969107613755,2.5796949771766404,0.14285714285714302
458,0.5066942062715994,2.5796949771766404,2.5796949771766404,0.28571428571428603
459,3.167969107613755,3.167969107613755,1.094968336708714,0.0
460,1.6832424671458286,3.167969107613755,2.073000770905041,0.28571428571428603
461,1.094968336708714,0.5066942062715994,3.167969107613755,0.0
462,0.0,0.5882741304371144,1.094968336708714,0.28571428571428603
463,1.094968336708714,1.6832424671458286,1.4847266404679265,0.14285714285714302
464,-0.5882741304371144,3.167969107613755,0.5882741304371146,0.0
465,2.073000770905041,2.5796949771766404,1.4847266404679265,0.28571428571428603
466,0.5882741304371144,1.6832424671458286,0.5882741304371144,0.14285714285714302
467,3.167969107613755,1.094968336708714,1.094968336708714,0.28571428571428603
468,2.073000770905041,0.0,1.094968336708714,0.0
469,1.6832424671458286,2.5796949771766404,1.6832424671458286,0.42857142857142894
470,2.073000770905041,3.167969107613755,4.6526957480816815,0.14285714285714302
471,2.073000770905041,2.073000770905041,2.5796949771766404,0.0
472,4.6526957480816815,2.5796949771766404,3.167969107613755,0.28571428571428603
473,1.094968336708714,4.6526957480816815,1.094968336708714,0.0
474,0.0,3.167969107613755,2.073000770905041,0.42857142857142894
475,1.4847266404679265,2.073000770905041,4.6526957480816815,0.14285714285714302
476,0.0,1.094968336708714,2.073000770905041,0.0
477,2.5796949771766404,4.6526957480816815,2.5796949771766404,0.42857142857142894
478,3.167969107613755,0.0,1.094968336708714,0.0
479,0.5066942062715994,1.6832424671458286,0.5882741304371146,0.42857142857142894
480,0.0,1.4847266404679265,1.4847266404679265,0.42857142857142894
481,0.5882741304371144,1.6832424671458286,1.094968336708714,0.42857142857142894
482,0.5882741304371144,2.073000770905041,2.073000770905041,0.28571428571428603
483,0.0,2.5796949771766404,3.167969107613755,0.28571428571428603
484,3.167969107613755,2.5796949771766404,1.6832424671458286,0.28571428571428603
485,2.073000770905041,1.094968336708714,1.094968336708714,0.42857142857142894
486,2.5796949771766404,3.167969107613755,0.5882741304371146,0.28571428571428603
487,0.0,2.073000770905041,1.094968336708714,0.7142857142857142
488,2.5796949771766404,2.073000770905041,0.0,0.5714285714285711
489,0.0,0.0,0.0,1.0
490,0.0,1.6832424671458286,-0.5882741304371146,1.0
491,0.5066942062715994,0.5066942062715994,1.094968336708714,1.0
492,0.0,0.5882741304371144,1.094968336708714,0.33333333333333304
493,2.5796949771766404,1.4847266404679265,2.5796949771766404,0.42857142857142894
494,2.5796949771766404,0.5066942062715994,0.5882741304371144,0.28571428571428603
495,0.0,-0.5066942062715994,0.5882741304371144,0.5714285714285711
496,0.5066942062715994,0.0,0.5882741304371146,0.5714285714285711
497,1.4847266404679265,1.094968336708714,0.0,0.42857142857142894
498,0.0,1.6832424671458286,0.0,0.42857142857142894
499,4.6526957480816815,1.094968336708714,2.5796949771766404,0.7142857142857142
500,2.5796949771766404,3.167969107613755,2.5796949771766404,0.7142857142857142
501,2.073000770905041,1.094968336708714,1.094968336708714,0.857142857142857
502,1.4847266404679265,-1.094968336708714,2.5796949771766404,0.5714285714285711
503,2.073000770905041,0.0,0.5882741304371144,0.5714285714285711
504,2.073000770905041,1.094968336708714,2.5796949771766404,0.7142857142857142
505,0.5882741304371144,-0.5066942062715994,-1.4847266404679265,1.0
506,0.0,2.073000770905041,3.167969107613755,0.857142857142857
507,0.0,-3.167969107613755,2.5796949771766404,0.7142857142857142
508,2.073000770905041,2.073000770905041,0.0,0.857142857142857
509,0.0,0.0,0.0,0.857142857142857
510,2.073000770905041,3.167969107613755,2.073000770905041,0.5714285714285711
511,0.0,0.0,0.0,0.7142857142857142
512,0.0,0.5066942062715994,1.4847266404679265,0.7142857142857142
513,2.073000770905041,2.073000770905041,3.167969107613755,0.857142857142857
514,0.5882741304371144,4.6526957480816815,0.0,0.5714285714285711
515,1.6832424671458286,0.5882741304371144,4.6526957480816815,0.857142857142857
516,1.4847266404679265,3.167969107613755,3.167969107613755,0.857142857142857
517,0.0,0.0,2.5796949771766404,0.7142857142857142
518,2.5796949771766404,0.5066942062715994,0.5882741304371144,0.5714285714285711
519,-0.5882741304371144,0.0,1.094968336708714,0.5714285714285711
520,1.4847266404679265,2.073000770905041,2.5796949771766404,0.42857142857142894
521,1.6832424671458286,2.073000770905041,0.0,0.14285714285714302
522,2.5796949771766404,2.073000770905041,3.167969107613755,0.7142857142857142
523,0.5882741304371144,3.167969107613755,1.094968336708714,0.28571428571428603
524,2.073000770905041,0.0,1.6832424671458286,0.7142857142857142
525,0.5882741304371144,0.0,2.5796949771766404,0.42857142857142894
526,2.5796949771766404,0.5882741304371146,2.073000770905041,0.5714285714285711
527,0.0,1.4847266404679265,0.0,0.7142857142857142
528,3.167969107613755,2.5796949771766404,2.073000770905041,0.7142857142857142
529,1.4847266404679265,2.5796949771766404,2.5796949771766404,0.5714285714285711
530,2.5796949771766404,0.5066942062715994,0.5882741304371146,0.42857142857142894
531,1.4847266404679265,3.167969107613755,0.0,0.28571428571428603
532,1.6832424671458286,-0.5066942062715994,1.094968336708714,1.0
533,2.073000770905041,0.5066942062715994,-0.5066942062715994,1.0
534,2.073000770905041,-0.5882741304371144,0.0,0.857142857142857
535,3.167969107613755,0.0,1.094968336708714,0.42857142857142894
536,0.0,2.073000770905041,1.094968336708714,0.42857142857142894
537,2.073000770905041,2.5796949771766404,2.5796949771766404,0.42857142857142894
538,4.6526957480816815,4.6526957480816815,1.094968336708714,0.5714285714285711
539,-1.4847266404679265,1.4847266404679265,1.094968336708714,0.7142857142857142
540,2.073000770905041,1.6832424671458286,2.5796949771766404,0.28571428571428603
541,3.167969107613755,1.6832424671458286,1.094968336708714,0.5714285714285711
542,2.073000770905041,1.094968336708714,0.5066942062715994,0.7142857142857142
543,4.6526957480816815,1.4847266404679265,0.0,0.857142857142857
544,0.0,1.094968336708714,0.0,0.7142857142857142
545,0.0,2.5796949771766404,-1.4847266404679265,0.857142857142857
546,2.073000770905041,2.073000770905041,2.5796949771766404,0.5714285714285711
547,0.5882741304371146,0.0,2.073000770905041,1.0
548,2.073000770905041,2.073000770905041,2.5796949771766404,0.5714285714285711
549,0.0,1.4847266404679265,0.0,0.0
550,-1.4847266404679265,1.4847266404679265,0.0,0.857142857142857
551,0.0,1.4847266404679265,0.5882741304371144,0.857142857142857
552,2.073000770905041,0.0,0.5882741304371144,0.857142857142857
553,0.5882741304371144,2.073000770905041,2.073000770905041,0.7142857142857142
554,-1.4847266404679265,-2.073000770905041,0.0,0.42857142857142894
555,1.4847266404679265,0.0,1.6832424671458286,0.5714285714285711
556,3.167969107613755,2.5796949771766404,3.167969107613755,0.7142857142857142
557,2.5796949771766404,4.6526957480816815,2.5796949771766404,0.7142857142857142
558,1.4847266404679265,2.5796949771766404,3.167969107613755,0.0
559,0.0,1.6832424671458286,3.167969107613755,0.857142857142857
560,2.5796949771766404,1.4847266404679265,1.094968336708714,0.7142857142857142
561,1.6832424671458286,1.094968336708714,0.0,0.7142857142857142
562,0.0,0.0,0.0,0.5714285714285711
563,0.5066942062715994,0.5066942062715994,0.0,0.0
564,0.0,0.5882741304371144,1.4847266404679265,0.7142857142857142
565,1.4847266404679265,3.167969107613755,2.5796949771766404,0.42857142857142894
566,1.094968336708714,2.073000770905041,1.094968336708714,0.5714285714285711
567,2.5796949771766404,3.167969107613755,0.5882741304371146,0.28571428571428603
568,2.5796949771766404,3.167969107613755,2.5796949771766404,0.7142857142857142
569,2.073000770905041,2.073000770905041,2.073000770905041,0.7142857142857142
570,3.167969107613755,2.073000770905041,-0.5066942062715994,0.833333333333333
571,2.073000770905041,2.073000770905041,0.5882741304371144,0.833333333333333
572,-0.5882741304371144,2.5796949771766404,0.0,0.42857142857142894
573,-0.5882741304371144,0.5882741304371146,1.4847266404679265,0.42857142857142894
574,2.5796949771766404,0.5066942062715994,3.167969107613755,0.42857142857142894
575,0.0,1.6832424671458286,2.073000770905041,0.5714285714285711
576,0.5882741304371144,1.094968336708714,0.5066942062715994,0.5714285714285711
577,-0.5882741304371144,1.6832424671458286,1.094968336708714,0.7142857142857142
578,1.094968336708714,1.6832424671458286,1.094968336708714,0.5714285714285711
579,1.094968336708714,1.094968336708714,0.0,0.5714285714285711
580,2.5796949771766404,1.094968336708714,1.6832424671458286,0.7142857142857142
581,0.0,0.0,-0.5882741304371144,0.857142857142857
582,0.5882741304371144,3.167969107613755,0.5882741304371144,0.5714285714285711
583,-2.073000770905041,1.094968336708714,2.5796949771766404,0.5714285714285711
584,1.094968336708714,1.6832424671458286,3.167969107613755,0.33333333333333304
585,4.6526957480816815,4.6526957480816815,3.167969107613755,0.28571428571428603
586,2.5796949771766404,3.167969107613755,1.094968336708714,0.7142857142857142
587,2.5796949771766404,3.167969107613755,3.167969107613755,0.5714285714285711
588,2.073000770905041,2.073000770905041,0.5066942062715994,0.5714285714285711
589,0.0,1.094968336708714,3.167969107613755,0.42857142857142894
590,1.4847266404679265,0.0,0.5882741304371146,0.7142857142857142
591,3.167969107613755,2.5796949771766404,4.6526957480816815,0.28571428571428603
592,0.5882741304371146,0.0,2.073000770905041,0.28571428571428603
593,-1.4847266404679265,0.5882741304371144,0.5066942062715994,0.857142857142857
594,0.5882741304371144,1.094968336708714,-2.073000770905041,0.5714285714285711
595,1.6832424671458286,2.073000770905041,0.5882741304371144,0.7142857142857142
596,0.0,1.4847266404679265,0.0,0.5714285714285711
597,2.073000770905041,0.0,0.5066942062715994,0.857142857142857
598,-0.5882741304371146,0.0,-0.5066942062715994,0.7142857142857142
599,2.073000770905041,3.167969107613755,1.6832424671458286,1.0
600,2.073000770905041,0.5066942062715994,1.094968336708714,0.7142857142857142
601,0.0,1.6832424671458286,0.5882741304371146,0.5714285714285711
602,1.4847266404679265,2.073000770905041,1.094968336708714,0.42857142857142894
603,2.5796949771766404,0.5066942062715994,0.0,0.42857142857142894
604,2.073000770905041,1.094968336708714,0.5882741304371144,0.28571428571428603
605,2.5796949771766404,0.5882741304371146,2.5796949771766404,1.0
606,3.167969107613755,1.6832424671458286,1.6832424671458286,0.5714285714285711
607,1.094968336708714,1.094968336708714,1.094968336708714,0.5714285714285711
608,2.073000770905041,2.5796949771766404,3.167969107613755,0.42857142857142894
609,0.5066942062715994,-0.5882741304371146,-0.5882741304371146,0.7142857142857142
610,0.5066942062715994,3.167969107613755,1.6832424671458286,0.5714285714285711
611,2.5796949771766404,0.0,1.6832424671458286,0.5714285714285711
612,2.5796949771766404,4.6526957480816815,2.5796949771766404,0.857142857142857
613,3.167969107613755,3.167969107613755,1.094968336708714,0.28571428571428603
614,-1.094968336708714,-2.073000770905041,2.5796949771766404,0.7142857142857142
615,1.4847266404679265,0.5066942062715994,2.5796949771766404,0.42857142857142894
616,0.0,1.6832424671458286,2.073000770905041,0.42857142857142894
617,1.4847266404679265,1.4847266404679265,2.073000770905041,1.0
618,0.0,1.094968336708714,0.0,1.0
619,2.5796949771766404,2.5796949771766404,0.5882741304371144,0.857142857142857
620,2.5796949771766404,-0.5066942062715994,0.0,0.7142857142857142
621,3.167969107613755,1.4847266404679265,2.073000770905041,0.857142857142857
622,1.4847266404679265,-0.5882741304371144,0.5882741304371144,0.28571428571428603
623,0.0,2.073000770905041,2.5796949771766404,0.833333333333333
624,0.0,0.0,1.4847266404679265,0.5714285714285711
625,3.167969107613755,2.073000770905041,3.167969107613755,0.33333333333333304
626,2.073000770905041,1.094968336708714,0.5066942062715994,0.5714285714285711
627,2.5796949771766404,4.6526957480816815,3.167969107613755,0.42857142857142894
628,-0.5066942062715994,0.0,-1.4847266404679265,0.28571428571428603
629,2.5796949771766404,1.094968336708714,1.094968336708714,0.7142857142857142
630,1.094968336708714,2.5796949771766404,0.5882741304371144,0.42857142857142894
631,3.167969107613755,3.167969107613755,1.4847266404679265,0.5714285714285711
632,-2.5796949771766404,1.094968336708714,0.0,0.5714285714285711
633,2.5796949771766404,2.5796949771766404,1.094968336708714,0.5714285714285711
634,0.0,2.073000770905041,-2.5796949771766404,0.5714285714285711
635,-1.4847266404679265,0.0,-1.4847266404679265,0.7142857142857142
636,2.5796949771766404,3.167969107613755,-2.5796949771766404,0.28571428571428603
637,1.4847266404679265,2.5796949771766404,0.5882741304371144,0.28571428571428603
638,1.4847266404679265,3.167969107613755,3.167969107613755,0.14285714285714302
639,1.6832424671458286,3.167969107613755,0.5882741304371144,0.14285714285714302
640,2.5796949771766404,3.167969107613755,1.6832424671458286,0.28571428571428603
641,3.167969107613755,4.6526957480816815,1.6832424671458286,0.42857142857142894
642,2.073000770905041,2.5796949771766404,0.5882741304371144,0.28571428571428603
643,2.073000770905041,1.094968336708714,1.6832424671458286,0.0
644,2.073000770905041,3.167969107613755,0.5882741304371144,0.14285714285714302
645,2.073000770905041,4.6526957480816815,0.5066942062715994,0.14285714285714302
646,2.073000770905041,2.5796949771766404,1.094968336708714,0.14285714285714302
647,0.0,0.5882741304371146,0.0,0.28571428571428603
648,2.5796949771766404,2.073000770905041,2.5796949771766404,0.42857142857142894
649,3.167969107613755,3.167969107613755,2.073000770905041,0.28571428571428603
650,2.5796949771766404,3.167969107613755,4.6526957480816815,0.28571428571428603
651,1.4847266404679265,1.6832424671458286,2.5796949771766404,0.42857142857142894
652,2.073000770905041,3.167969107613755,0.5066942062715994,0.14285714285714302
653,2.5796949771766404,3.167969107613755,4.6526957480816815,0.0
654,2.5796949771766404,4.6526957480816815,2.5796949771766404,0.14285714285714302
655,0.0,2.5796949771766404,2.5796949771766404,0.14285714285714302
656,3.167969107613755,1.6832424671458286,4.6526957480816815,0.28571428571428603
657,2.073000770905041,3.167969107613755,2.5796949771766404,0.28571428571428603
658,1.4847266404679265,0.5882741304371146,0.0,0.14285714285714302
659,2.5796949771766404,1.094968336708714,3.167969107613755,0.0
660,2.5796949771766404,2.5796949771766404,1.6832424671458286,0.0
661,1.4847266404679265,-2.5796949771766404,3.167969107613755,0.0
662,0.0,1.6832424671458286,-0.5066942062715994,0.28571428571428603
663,3.167969107613755,4.6526957480816815,2.073000770905041,0.42857142857142894
664,4.6526957480816815,1.094968336708714,3.167969107613755,0.28571428571428603
665,1.094968336708714,2.5796949771766404,0.0,0.0
666,2.073000770905041,4.6526957480816815,3.167969107613755,0.14285714285714302
667,0.0,0.5882741304371146,2.5796949771766404,0.14285714285714302
668,1.4847266404679265,0.0,3.167969107613755,0.0
669,1.6832424671458286,0.5066942062715994,2.5796949771766404,0.0
670,4.6526957480816815,1.6832424671458286,2.073000770905041,0.14285714285714302
671,2.5796949771766404,4.6526957480816815,3.167969107613755,0.14285714285714302
672,2.5796949771766404,1.4847266404679265,0.0,0.28571428571428603
673,1.4847266404679265,2.5796949771766404,0.5882741304371144,0.28571428571428603
674,3.167969107613755,3.167969107613755,-0.5882741304371144,0.28571428571428603
675,2.5796949771766404,0.5882741304371146,2.5796949771766404,0.28571428571428603
676,1.6832424671458286,3.167969107613755,2.073000770905041,0.28571428571428603
677,1.4847266404679265,2.073000770905041,3.167969107613755,0.14285714285714302
678,2.073000770905041,1.6832424671458286,1.6832424671458286,0.14285714285714302
679,1.4847266404679265,2.5796949771766404,2.5796949771766404,0.14285714285714302
680,1.6832424671458286,2.073000770905041,0.0,0.14285714285714302
681,2.5796949771766404,1.094968336708714,0.0,0.28571428571428603
682,0.0,2.5796949771766404,0.5882741304371146,0.42857142857142894
683,3.167969107613755,1.6832424671458286,0.5882741304371146,0.42857142857142894
684,2.073000770905041,0.0,0.5882741304371144,0.28571428571428603
685,-2.5796949771766404,1.094968336708714,2.073000770905041,0.28571428571428603
686,1.4847266404679265,1.094968336708714,2.5796949771766404,0.28571428571428603
687,1.6832424671458286,0.0,0.0,0.28571428571428603
688,4.6526957480816815,3.167969107613755,2.073000770905041,0.0
689,2.073000770905041,0.0,2.073000770905041,0.0
690,3.167969107613755,3.167969107613755,3.167969107613755,0.14285714285714302
691,4.6526957480816815,2.5796949771766404,1.4847266404679265,0.14285714285714302
692,1.6832424671458286,1.094968336708714,2.5796949771766404,0.0
693,0.0,1.094968336708714,2.073000770905041,0.14285714285714302
694,2.5796949771766404,1.6832424671458286,0.0,0.14285714285714302
695,1.4847266404679265,1.4847266404679265,3.167969107613755,0.0
696,1.4847266404679265,0.0,3.167969107613755,0.14285714285714302
697,2.073000770905041,1.4847266404679265,2.073000770905041,0.0
698,0.5882741304371144,3.167969107613755,3.167969107613755,0.14285714285714302
699,0.0,1.094968336708714,-1.4847266404679265,0.14285714285714302
700,2.073000770905041,0.5066942062715994,2.073000770905041,0.14285714285714302
701,-1.4847266404679265,0.5882741304371144,0.5066942062715994,0.28571428571428603
702,3.167969107613755,4.6526957480816815,1.6832424671458286,0.0
703,2.5796949771766404,4.6526957480816815,4.6526957480816815,0.0
704,1.094968336708714,0.5882741304371146,0.0,0.0
705,2.5796949771766404,2.5796949771766404,2.5796949771766404,0.14285714285714302
706,2.5796949771766404,3.167969107613755,1.094968336708714,0.14285714285714302
707,1.094968336708714,0.5882741304371144,1.094968336708714,0.0
708,0.0,0.5882741304371146,2.073000770905041,0.42857142857142894
709,4.6526957480816815,1.6832424671458286,1.6832424671458286,0.28571428571428603
710,3.167969107613755,4.6526957480816815,3.167969107613755,0.28571428571428603
711,3.167969107613755,2.5796949771766404,4.6526957480816815,0.42857142857142894
712,0.5066942062715994,-1.4847266404679265,1.094968336708714,0.14285714285714302
713,1.094968336708714,-0.5882741304371144,0.0,0.0
714,1.094968336708714,3.167969107613755,3.167969107613755,0.28571428571428603
715,0.0,0.5066942062715994,2.5796949771766404,0.14285714285714302
716,1.4847266404679265,2.5796949771766404,1.4847266404679265,0.28571428571428603
717,1.094968336708714,1.094968336708714,0.0,0.0
718,2.5796949771766404,3.167969107613755,2.5796949771766404,0.14285714285714302
719,0.0,2.5796949771766404,0.5882741304371144,0.14285714285714302
720,2.5796949771766404,3.167969107613755,0.5882741304371144,0.28571428571428603
721,2.5796949771766404,3.167969107613755,3.167969107613755,0.14285714285714302
722,0.0,3.167969107613755,3.167969107613755,0.14285714285714302
723,1.4847266404679265,1.4847266404679265,2.5796949771766404,0.0
724,4.6526957480816815,1.094968336708714,0.5882741304371146,0.14285714285714302
725,1.6832424671458286,0.0,2.5796949771766404,0.14285714285714302
726,2.5796949771766404,2.5796949771766404,2.5796949771766404,0.28571428571428603
727,0.5882741304371144,1.4847266404679265,-1.094968336708714,0.28571428571428603
728,0.0,0.5066942062715994,0.5882741304371146,0.28571428571428603
729,0.0,2.073000770905041,3.167969107613755,0.28571428571428603
730,2.5796949771766404,3.167969107613755,0.5882741304371144,0.14285714285714302
731,-1.4847266404679265,-0.5882741304371144,0.0,0.14285714285714302
732,2.073000770905041,1.6832424671458286,3.167969107613755,0.14285714285714302
733,2.5796949771766404,3.167969107613755,2.5796949771766404,0.0
734,1.4847266404679265,2.073000770905041,0.0,0.14285714285714302
735,2.5796949771766404,4.6526957480816815,3.167969107613755,0.14285714285714302
736,-0.5066942062715994,0.0,-0.5882741304371144,0.14285714285714302
737,0.5066942062715994,3.167969107613755,3.167969107613755,0.42857142857142894
738,2.073000770905041,0.0,1.094968336708714,0.42857142857142894
739,4.6526957480816815,1.094968336708714,2.073000770905041,0.14285714285714302
740,2.073000770905041,3.167969107613755,1.094968336708714,0.14285714285714302
741,2.5796949771766404,0.5882741304371146,4.6526957480816815,0.42857142857142894
742,1.4847266404679265,1.094968336708714,1.6832424671458286,0.14285714285714302
743,0.5882741304371144,1.094968336708714,0.0,0.42857142857142894
744,2.5796949771766404,3.167969107613755,3.167969107613755,0.28571428571428603
745,0.0,1.6832424671458286,0.0,0.0
746,1.6832424671458286,2.5796949771766404,2.5796949771766404,0.14285714285714302
747,2.5796949771766404,1.094968336708714,2.073000770905041,0.28571428571428603
748,3.167969107613755,3.167969107613755,1.6832424671458286,0.0
749,3.167969107613755,1.6832424671458286,3.167969107613755,0.28571428571428603
750,2.073000770905041,2.073000770905041,2.073000770905041,0.42857142857142894
751,3.167969107613755,0.5882741304371146,3.167969107613755,0.28571428571428603
752,2.073000770905041,0.0,2.5796949771766404,0.0
753,3.167969107613755,2.5796949771766404,1.6832424671458286,0.14285714285714302
754,0.5882741304371144,3.167969107613755,3.167969107613755,0.28571428571428603
755,1.4847266404679265,1.4847266404679265,2.073000770905041,0.28571428571428603
756,-1.4847266404679265,1.4847266404679265,0.0,0.14285714285714302
757,-1.4847266404679265,-0.5882741304371146,1.4847266404679265,0.14285714285714302
758,0.0,1.094968336708714,1.094968336708714,0.28571428571428603
759,0.0,2.073000770905041,2.073000770905041,0.14285714285714302
760,2.5796949771766404,1.4847266404679265,1.6832424671458286,0.42857142857142894
761,2.5796949771766404,2.5796949771766404,1.094968336708714,0.28571428571428603
762,1.4847266404679265,2.073000770905041,4.6526957480816815,0.14285714285714302
763,1.4847266404679265,0.5882741304371146,0.0,0.42857142857142894
764,1.6832424671458286,4.6526957480816815,2.5796949771766404,0.42857142857142894
765,2.073000770905041,0.5882741304371146,3.167969107613755,0.28571428571428603
766,1.094968336708714,1.6832424671458286,1.094968336708714,0.14285714285714302
767,4.6526957480816815,3.167969107613755,3.167969107613755,0.14285714285714302
768,0.0,0.5066942062715994,1.094968336708714,0.0
769,2.5796949771766404,2.073000770905041,2.5796949771766404,0.14285714285714302
770,1.094968336708714,2.5796949771766404,3.167969107613755,0.28571428571428603
771,0.5066942062715994,4.6526957480816815,2.5796949771766404,0.28571428571428603
772,2.073000770905041,1.094968336708714,1.6832424671458286,0.28571428571428603
773,2.5796949771766404,2.5796949771766404,1.6832424671458286,0.14285714285714302
774,1.4847266404679265,1.6832424671458286,2.5796949771766404,0.14285714285714302
775,1.094968336708714,0.0,0.5882741304371146,0.0
776,4.6526957480816815,1.6832424671458286,2.5796949771766404,0.14285714285714302
777,2.5796949771766404,0.0,1.094968336708714,0.14285714285714302
778,0.5882741304371144,2.5796949771766404,3.167969107613755,0.0
779,1.4847266404679265,2.5796949771766404,3.167969107613755,0.42857142857142894
780,1.4847266404679265,1.094968336708714,1.094968336708714,0.28571428571428603
781,2.073000770905041,2.5796949771766404,1.094968336708714,0.14285714285714302
782,2.5796949771766404,0.0,0.0,0.42857142857142894
783,0.5882741304371144,2.073000770905041,1.6832424671458286,0.14285714285714302
784,1.4847266404679265,2.073000770905041,2.5796949771766404,0.42857142857142894
785,4.6526957480816815,1.6832424671458286,3.167969107613755,0.14285714285714302
786,2.073000770905041,2.5796949771766404,3.167969107613755,0.14285714285714302
787,0.0,0.5066942062715994,0.5066942062715994,0.14285714285714302
788,2.073000770905041,1.094968336708714,1.094968336708714,0.14285714285714302
789,0.0,1.094968336708714,0.5882741304371146,0.28571428571428603
790,3.167969107613755,3.167969107613755,2.073000770905041,0.0
791,1.4847266404679265,1.4847266404679265,-1.4847266404679265,0.14285714285714302
792,0.0,0.0,0.0,0.42857142857142894
793,0.5882741304371144,0.5882741304371144,-0.5882741304371144,0.14285714285714302
794,2.5796949771766404,0.5066942062715994,4.6526957480816815,0.0
795,2.5796949771766404,1.6832424671458286,1.094968336708714,0.28571428571428603
796,-0.5066942062715994,3.167969107613755,1.094968336708714,0.42857142857142894
797,0.5066942062715994,0.5882741304371146,0.0,0.14285714285714302
798,-1.4847266404679265,-2.5796949771766404,2.073000770905041,0.14285714285714302
799,0.5882741304371144,1.094968336708714,0.5882741304371146,0.28571428571428603
800,0.0,2.5796949771766404,3.167969107613755,0.14285714285714302
801,0.0,3.167969107613755,-0.5066942062715994,0.28571428571428603
