,p,congruency,dprime
0,0,N,1.4847266404679265
1,0,CRT,0.0
2,1,N,1.4847266404679265
3,1,CRT,0.7142857142857142
4,2,C,3.167969107613755
5,2,I,4.6526957480816815
6,2,N,1.094968336708714
7,2,CRT,0.5714285714285711
8,3,C,0.0
9,3,I,0.5882741304371146
10,3,N,2.5796949771766404
11,3,CRT,0.42857142857142894
12,4,C,1.4847266404679265
13,4,I,0.0
14,4,N,0.0
15,4,CRT,0.5714285714285711
16,5,C,0.5882741304371146
17,5,I,-1.4847266404679265
18,5,N,-0.5882741304371146
19,5,CRT,0.7142857142857142
20,6,C,0.0
21,6,I,3.167969107613755
22,6,N,2.073000770905041
23,6,CRT,0.7142857142857142
24,7,C,0.0
25,7,I,2.073000770905041
26,7,N,0.0
27,7,CRT,0.7142857142857142
28,8,C,1.094968336708714
29,8,I,0.0
30,8,N,1.6832424671458286
31,8,CRT,0.7142857142857142
32,9,C,-1.4847266404679265
33,9,I,1.6832424671458286
34,9,N,3.167969107613755
35,9,CRT,0.5714285714285711
36,10,C,1.6832424671458286
37,10,I,3.167969107613755
38,10,N,1.6832424671458286
39,10,CRT,0.7142857142857142
40,11,C,2.073000770905041
41,11,I,3.167969107613755
42,11,N,1.6832424671458286
43,11,CRT,0.5714285714285711
44,12,C,-2.073000770905041
45,12,I,0.5882741304371146
46,12,N,0.5882741304371146
47,12,CRT,0.42857142857142894
48,13,C,1.094968336708714
49,13,I,2.5796949771766404
50,13,N,0.0
51,13,CRT,0.7142857142857142
52,14,C,3.167969107613755
53,14,I,4.6526957480816815
54,14,N,4.6526957480816815
55,14,CRT,0.857142857142857
56,15,C,0.0
57,15,I,1.4847266404679265
58,15,N,1.4847266404679265
59,15,CRT,0.42857142857142894
60,16,C,0.5882741304371144
61,16,I,0.0
62,16,N,-0.5882741304371146
63,16,CRT,0.5714285714285711
64,17,C,1.094968336708714
65,17,I,1.094968336708714
66,17,N,2.5796949771766404
67,17,CRT,0.5714285714285711
68,18,C,2.5796949771766404
69,18,I,0.0
70,18,N,0.5882741304371144
71,18,CRT,0.7142857142857142
72,19,C,3.167969107613755
73,19,I,4.6526957480816815
74,19,N,4.6526957480816815
75,19,CRT,0.5714285714285711
76,20,C,3.167969107613755
77,20,I,4.6526957480816815
78,20,N,3.167969107613755
79,20,CRT,0.857142857142857
80,21,C,1.6832424671458286
81,21,I,2.5796949771766404
82,21,N,3.167969107613755
83,21,CRT,0.857142857142857
84,22,C,0.5066942062715994
85,22,I,3.167969107613755
86,22,N,0.0
87,22,CRT,0.857142857142857
88,23,C,2.073000770905041
89,23,I,0.5066942062715994
90,23,N,0.0
91,23,CRT,0.5714285714285711
92,24,C,0.5882741304371144
93,24,I,4.6526957480816815
94,24,N,3.167969107613755
95,24,CRT,0.7142857142857142
96,25,C,0.5882741304371144
97,25,I,1.6832424671458286
98,25,N,1.6832424671458286
99,25,CRT,0.14285714285714302
100,26,C,1.6832424671458286
101,26,I,3.167969107613755
102,26,N,3.167969107613755
103,26,CRT,0.42857142857142894
104,27,C,1.094968336708714
105,27,I,2.5796949771766404
106,27,N,2.073000770905041
107,27,CRT,0.28571428571428603
108,28,C,0.5882741304371144
109,28,I,2.073000770905041
110,28,N,0.0
111,28,CRT,0.42857142857142894
112,29,C,1.6832424671458286
113,29,I,1.6832424671458286
114,29,N,0.0
115,29,CRT,0.5714285714285711
116,30,C,3.167969107613755
117,30,I,3.167969107613755
118,30,N,2.5796949771766404
119,30,CRT,0.7142857142857142
120,31,C,3.167969107613755
121,31,I,1.094968336708714
122,31,N,3.167969107613755
123,31,CRT,0.7142857142857142
124,32,C,1.4847266404679265
125,32,I,3.167969107613755
126,32,N,3.167969107613755
127,32,CRT,0.7142857142857142
128,33,C,3.167969107613755
129,33,I,3.167969107613755
130,33,N,1.4847266404679265
131,33,CRT,0.5714285714285711
132,34,C,0.0
133,34,I,4.6526957480816815
134,34,N,3.167969107613755
135,34,CRT,0.5714285714285711
136,35,C,1.4847266404679265
137,35,I,2.073000770905041
138,35,N,4.6526957480816815
139,35,CRT,0.5714285714285711
140,36,C,1.094968336708714
141,36,I,1.094968336708714
142,36,N,0.5882741304371144
143,36,CRT,1.0
144,37,C,1.094968336708714
145,37,I,2.5796949771766404
146,37,N,3.167969107613755
147,37,CRT,0.5714285714285711
148,38,C,2.073000770905041
149,38,I,0.0
150,38,N,1.094968336708714
151,38,CRT,0.7142857142857142
152,39,C,1.4847266404679265
153,39,I,1.094968336708714
154,39,N,1.094968336708714
155,39,CRT,0.5714285714285711
156,40,C,2.073000770905041
157,40,I,-2.073000770905041
158,40,N,0.0
159,40,CRT,0.42857142857142894
160,41,C,2.5796949771766404
161,41,I,3.167969107613755
162,41,N,1.4847266404679265
163,41,CRT,0.7142857142857142
164,42,C,0.5882741304371144
165,42,I,1.094968336708714
166,42,N,2.5796949771766404
167,42,CRT,0.5714285714285711
168,43,C,0.5882741304371146
169,43,I,0.5882741304371146
170,43,N,0.0
171,43,CRT,0.857142857142857
172,44,C,1.094968336708714
173,44,I,1.6832424671458286
174,44,N,4.6526957480816815
175,44,CRT,0.5714285714285711
176,45,C,0.5066942062715994
177,45,I,2.073000770905041
178,45,N,2.5796949771766404
179,45,CRT,0.42857142857142894
180,46,C,-0.5882741304371144
181,46,I,0.0
182,46,N,-1.094968336708714
183,46,CRT,0.857142857142857
184,47,C,3.167969107613755
185,47,I,2.5796949771766404
186,47,N,3.167969107613755
187,47,CRT,0.857142857142857
188,48,C,1.6832424671458286
189,48,I,2.5796949771766404
190,48,N,3.167969107613755
191,48,CRT,0.5714285714285711
192,49,C,0.0
193,49,I,2.5796949771766404
194,49,N,2.5796949771766404
195,49,CRT,0.857142857142857
196,50,C,0.5882741304371144
197,50,I,1.6832424671458286
198,50,N,1.094968336708714
199,50,CRT,0.7142857142857142
200,51,C,0.0
201,51,I,2.073000770905041
202,51,N,2.073000770905041
203,51,CRT,0.7142857142857142
204,52,C,2.5796949771766404
205,52,I,4.6526957480816815
206,52,N,4.6526957480816815
207,52,CRT,0.5714285714285711
208,53,C,2.5796949771766404
209,53,I,0.0
210,53,N,0.0
211,53,CRT,0.5714285714285711
212,54,C,-1.094968336708714
213,54,I,1.094968336708714
214,54,N,2.5796949771766404
215,54,CRT,0.5714285714285711
216,55,C,-2.5796949771766404
217,55,I,1.6832424671458286
218,55,N,1.4847266404679265
219,55,CRT,0.14285714285714302
220,56,C,0.0
221,56,I,2.073000770905041
222,56,N,1.4847266404679265
223,56,CRT,0.42857142857142894
224,57,C,2.5796949771766404
225,57,I,3.167969107613755
226,57,N,1.094968336708714
227,57,CRT,0.42857142857142894
228,58,C,2.073000770905041
229,58,I,1.094968336708714
230,58,N,2.073000770905041
231,58,CRT,0.28571428571428603
232,59,C,3.167969107613755
233,59,I,3.167969107613755
234,59,N,1.6832424671458286
235,59,CRT,0.42857142857142894
236,60,C,0.5066942062715994
237,60,I,1.094968336708714
238,60,N,2.073000770905041
239,60,CRT,0.28571428571428603
240,61,C,2.073000770905041
241,61,I,1.094968336708714
242,61,N,2.073000770905041
243,61,CRT,0.5714285714285711
244,62,C,3.167969107613755
245,62,I,2.073000770905041
246,62,N,1.094968336708714
247,62,CRT,0.7142857142857142
248,63,C,3.167969107613755
249,63,I,4.6526957480816815
250,63,N,3.167969107613755
251,63,CRT,0.5714285714285711
252,64,C,3.167969107613755
253,64,I,4.6526957480816815
254,64,N,0.5882741304371146
255,64,CRT,0.857142857142857
256,65,C,1.094968336708714
257,65,I,3.167969107613755
258,65,N,1.4847266404679265
259,65,CRT,0.7142857142857142
260,66,C,1.6832424671458286
261,66,I,3.167969107613755
262,66,N,2.5796949771766404
263,66,CRT,0.5714285714285711
264,67,C,0.0
265,67,I,0.0
266,67,N,-0.5066942062715994
267,67,CRT,0.7142857142857142
268,68,C,0.5882741304371146
269,68,I,1.094968336708714
270,68,N,2.5796949771766404
271,68,CRT,0.42857142857142894
272,69,C,0.5882741304371144
273,69,I,0.0
274,69,N,0.5882741304371146
275,69,CRT,0.28571428571428603
276,70,C,0.5882741304371144
277,70,I,3.167969107613755
278,70,N,2.073000770905041
279,70,CRT,0.5714285714285711
280,71,C,1.094968336708714
281,71,I,0.5066942062715994
282,71,N,0.5066942062715994
283,71,CRT,0.14285714285714302
284,72,C,3.167969107613755
285,72,I,3.167969107613755
286,72,N,2.073000770905041
287,72,CRT,0.5714285714285711
288,73,C,2.5796949771766404
289,73,I,1.094968336708714
290,73,N,3.167969107613755
291,73,CRT,0.857142857142857
292,74,C,1.094968336708714
293,74,I,0.5882741304371144
294,74,N,0.5882741304371144
295,74,CRT,0.5714285714285711
296,75,C,1.6832424671458286
297,75,I,2.073000770905041
298,75,N,1.094968336708714
299,75,CRT,0.7142857142857142
300,76,C,0.5066942062715994
301,76,I,1.094968336708714
302,76,N,0.5882741304371146
303,76,CRT,0.857142857142857
304,77,C,2.073000770905041
305,77,I,3.167969107613755
306,77,N,3.167969107613755
307,77,CRT,0.5714285714285711
308,78,C,2.5796949771766404
309,78,I,2.5796949771766404
310,78,N,0.5882741304371146
311,78,CRT,0.42857142857142894
312,79,C,2.073000770905041
313,79,I,0.0
314,79,N,0.0
315,79,CRT,0.5714285714285711
316,80,C,0.0
317,80,I,2.073000770905041
318,80,N,2.073000770905041
319,80,CRT,0.42857142857142894
320,81,C,3.167969107613755
321,81,I,2.5796949771766404
322,81,N,2.5796949771766404
323,81,CRT,0.5714285714285711
324,82,C,1.094968336708714
325,82,I,2.5796949771766404
326,82,N,1.094968336708714
327,82,CRT,0.42857142857142894
328,83,C,1.6832424671458286
329,83,I,0.5882741304371146
330,83,N,0.5066942062715994
331,83,CRT,0.857142857142857
332,84,C,4.6526957480816815
333,84,I,4.6526957480816815
334,84,N,4.6526957480816815
335,84,CRT,0.42857142857142894
336,85,C,0.0
337,85,I,4.6526957480816815
338,85,N,1.6832424671458286
339,85,CRT,0.42857142857142894
340,86,C,0.5882741304371144
341,86,I,2.073000770905041
342,86,N,2.5796949771766404
343,86,CRT,0.857142857142857
344,87,C,2.5796949771766404
345,87,I,0.5066942062715994
346,87,N,2.073000770905041
347,87,CRT,0.857142857142857
348,88,C,0.5882741304371144
349,88,I,4.6526957480816815
350,88,N,4.6526957480816815
351,88,CRT,0.7142857142857142
352,89,C,3.167969107613755
353,89,I,3.167969107613755
354,89,N,3.167969107613755
355,89,CRT,0.7142857142857142
356,90,C,1.094968336708714
357,90,I,0.0
358,90,N,0.5882741304371144
359,90,CRT,1.0
360,91,C,2.073000770905041
361,91,I,2.073000770905041
362,91,N,2.073000770905041
363,91,CRT,0.5714285714285711
364,92,C,0.5882741304371144
365,92,I,3.167969107613755
366,92,N,1.4847266404679265
367,92,CRT,0.42857142857142894
368,93,C,1.4847266404679265
369,93,I,2.073000770905041
370,93,N,1.6832424671458286
371,93,CRT,0.5714285714285711
372,94,C,2.073000770905041
373,94,I,0.5882741304371144
374,94,N,2.073000770905041
375,94,CRT,0.5714285714285711
376,95,C,0.5066942062715994
377,95,I,2.5796949771766404
378,95,N,1.4847266404679265
379,95,CRT,0.5714285714285711
380,96,C,3.167969107613755
381,96,I,3.167969107613755
382,96,N,2.5796949771766404
383,96,CRT,0.7142857142857142
384,97,C,0.5882741304371144
385,97,I,0.5882741304371146
386,97,N,-0.5066942062715994
387,97,CRT,0.857142857142857
388,98,C,0.0
389,98,I,0.5882741304371144
390,98,N,1.4847266404679265
391,98,CRT,1.0
392,99,C,1.4847266404679265
393,99,I,3.167969107613755
394,99,N,3.167969107613755
395,99,CRT,0.5714285714285711
396,100,C,-0.5066942062715994
397,100,I,0.0
398,100,N,-0.5882741304371146
399,100,CRT,0.5714285714285711
400,101,C,2.073000770905041
401,101,I,1.4847266404679265
402,101,N,0.5882741304371144
403,101,CRT,0.7142857142857142
404,102,C,2.5796949771766404
405,102,I,4.6526957480816815
406,102,N,-0.5066942062715994
407,102,CRT,0.7142857142857142
408,103,C,2.073000770905041
409,103,I,3.167969107613755
410,103,N,3.167969107613755
411,103,CRT,0.42857142857142894
412,104,C,1.094968336708714
413,104,I,0.5882741304371146
414,104,N,1.4847266404679265
415,104,CRT,0.7142857142857142
416,105,C,1.094968336708714
417,105,I,0.0
418,105,N,2.5796949771766404
419,105,CRT,0.7142857142857142
420,106,C,2.5796949771766404
421,106,I,3.167969107613755
422,106,N,3.167969107613755
423,106,CRT,0.42857142857142894
424,107,C,1.4847266404679265
425,107,I,0.0
426,107,N,1.4847266404679265
427,107,CRT,1.0
428,108,C,3.167969107613755
429,108,I,3.167969107613755
430,108,N,2.5796949771766404
431,108,CRT,0.857142857142857
432,109,C,0.5882741304371144
433,109,I,3.167969107613755
434,109,N,1.6832424671458286
435,109,CRT,0.5714285714285711
436,110,C,2.5796949771766404
437,110,I,3.167969107613755
438,110,N,0.5882741304371146
439,110,CRT,0.5714285714285711
440,111,C,3.167969107613755
441,111,I,3.167969107613755
442,111,N,3.167969107613755
443,111,CRT,0.5714285714285711
444,112,C,2.073000770905041
445,112,I,3.167969107613755
446,112,N,1.094968336708714
447,112,CRT,0.42857142857142894
448,113,C,3.167969107613755
449,113,I,2.5796949771766404
450,113,N,3.167969107613755
451,113,CRT,0.7142857142857142
452,114,C,1.094968336708714
453,114,I,1.6832424671458286
454,114,N,2.073000770905041
455,114,CRT,0.5714285714285711
456,115,C,3.167969107613755
457,115,I,3.167969107613755
458,115,N,2.5796949771766404
459,115,CRT,0.42857142857142894
460,116,C,1.6832424671458286
461,116,I,0.0
462,116,N,2.5796949771766404
463,116,CRT,0.7142857142857142
464,117,C,2.5796949771766404
465,117,I,1.4847266404679265
466,117,N,2.073000770905041
467,117,CRT,0.28571428571428603
468,118,C,3.167969107613755
469,118,I,3.167969107613755
470,118,N,1.6832424671458286
471,118,CRT,0.7142857142857142
472,119,C,0.0
473,119,I,3.167969107613755
474,119,N,1.094968336708714
475,119,CRT,1.0
476,120,C,2.073000770905041
477,120,I,1.094968336708714
478,120,N,2.5796949771766404
479,120,CRT,0.857142857142857
480,121,C,0.5066942062715994
481,121,I,3.167969107613755
482,121,N,1.094968336708714
483,121,CRT,0.7142857142857142
484,122,C,0.5882741304371146
485,122,I,1.094968336708714
486,122,N,2.073000770905041
487,122,CRT,0.42857142857142894
488,123,C,0.5066942062715994
489,123,I,3.167969107613755
490,123,N,1.6832424671458286
491,123,CRT,0.5714285714285711
492,124,C,2.5796949771766404
493,124,I,4.6526957480816815
494,124,N,3.167969107613755
495,124,CRT,0.42857142857142894
496,125,C,2.5796949771766404
497,125,I,1.4847266404679265
498,125,N,0.5882741304371146
499,125,CRT,0.7142857142857142
500,126,C,0.0
501,126,I,2.5796949771766404
502,126,N,0.5882741304371146
503,126,CRT,0.857142857142857
504,127,C,1.094968336708714
505,127,I,0.5882741304371146
506,127,N,2.5796949771766404
507,127,CRT,0.7142857142857142
508,128,C,0.0
509,128,I,0.0
510,128,N,1.094968336708714
511,128,CRT,0.7142857142857142
512,129,C,1.094968336708714
513,129,I,2.5796949771766404
514,129,N,1.094968336708714
515,129,CRT,0.5714285714285711
516,130,C,2.5796949771766404
517,130,I,4.6526957480816815
518,130,N,1.6832424671458286
519,130,CRT,0.5714285714285711
520,131,C,1.6832424671458286
521,131,I,1.094968336708714
522,131,N,3.167969107613755
523,131,CRT,0.42857142857142894
524,132,C,4.6526957480816815
525,132,I,2.073000770905041
526,132,N,2.5796949771766404
527,132,CRT,0.857142857142857
528,133,C,0.0
529,133,I,3.167969107613755
530,133,N,3.167969107613755
531,133,CRT,0.7142857142857142
532,134,C,1.094968336708714
533,134,I,1.6832424671458286
534,134,N,0.5066942062715994
535,134,CRT,1.0
536,135,C,0.5882741304371144
537,135,I,0.5066942062715994
538,135,N,2.5796949771766404
539,135,CRT,0.857142857142857
540,136,C,0.5882741304371144
541,136,I,2.073000770905041
542,136,N,0.0
543,136,CRT,0.5714285714285711
544,137,C,1.094968336708714
545,137,I,1.094968336708714
546,137,N,1.6832424671458286
547,137,CRT,0.5714285714285711
548,138,C,1.094968336708714
549,138,I,3.167969107613755
550,138,N,4.6526957480816815
551,138,CRT,0.7142857142857142
552,139,C,1.6832424671458286
553,139,I,1.4847266404679265
554,139,N,1.094968336708714
555,139,CRT,0.42857142857142894
556,140,C,2.5796949771766404
557,140,I,0.0
558,140,N,1.094968336708714
559,140,CRT,0.42857142857142894
560,141,C,2.5796949771766404
561,141,I,1.4847266404679265
562,141,N,0.5882741304371144
563,141,CRT,0.14285714285714302
564,142,C,2.073000770905041
565,142,I,1.094968336708714
566,142,N,0.0
567,142,CRT,0.28571428571428603
568,143,C,1.6832424671458286
569,143,I,3.167969107613755
570,143,N,2.073000770905041
571,143,CRT,0.5714285714285711
572,144,C,3.167969107613755
573,144,I,3.167969107613755
574,144,N,2.073000770905041
575,144,CRT,0.5714285714285711
576,145,C,1.094968336708714
577,145,I,2.5796949771766404
578,145,N,1.094968336708714
579,145,CRT,0.28571428571428603
580,146,C,0.5066942062715994
581,146,I,1.4847266404679265
582,146,N,-0.5882741304371146
583,146,CRT,0.42857142857142894
584,147,C,0.5882741304371144
585,147,I,2.073000770905041
586,147,N,3.167969107613755
587,147,CRT,0.857142857142857
588,148,C,1.094968336708714
589,148,I,2.5796949771766404
590,148,N,3.167969107613755
591,148,CRT,0.7142857142857142
592,149,C,0.5882741304371144
593,149,I,3.167969107613755
594,149,N,0.0
595,149,CRT,0.7142857142857142
596,150,C,0.5882741304371144
597,150,I,2.5796949771766404
598,150,N,2.073000770905041
599,150,CRT,0.42857142857142894
600,151,C,1.6832424671458286
601,151,I,1.094968336708714
602,151,N,0.5066942062715994
603,151,CRT,0.5714285714285711
604,152,C,3.167969107613755
605,152,I,3.167969107613755
606,152,N,3.167969107613755
607,152,CRT,0.42857142857142894
608,153,C,1.6832424671458286
609,153,I,0.0
610,153,N,2.073000770905041
611,153,CRT,0.28571428571428603
612,154,C,1.094968336708714
613,154,I,1.094968336708714
614,154,N,2.073000770905041
615,154,CRT,0.42857142857142894
616,155,C,1.094968336708714
617,155,I,0.5882741304371146
618,155,N,-0.5066942062715994
619,155,CRT,0.42857142857142894
620,156,C,2.5796949771766404
621,156,I,1.094968336708714
622,156,N,1.4847266404679265
623,156,CRT,0.5714285714285711
624,157,C,-2.073000770905041
625,157,I,1.6832424671458286
626,157,N,0.5882741304371144
627,157,CRT,0.42857142857142894
628,158,C,1.4847266404679265
629,158,I,2.5796949771766404
630,158,N,2.073000770905041
631,158,CRT,0.5714285714285711
632,159,C,2.5796949771766404
633,159,I,3.167969107613755
634,159,N,3.167969107613755
635,159,CRT,0.42857142857142894
636,160,C,3.167969107613755
637,160,I,4.6526957480816815
638,160,N,1.094968336708714
639,160,CRT,0.42857142857142894
640,161,C,1.094968336708714
641,161,I,3.167969107613755
642,161,N,0.5066942062715994
643,161,CRT,0.5714285714285711
644,162,C,2.5796949771766404
645,162,I,0.5882741304371144
646,162,N,0.0
647,162,CRT,0.5714285714285711
648,163,C,2.5796949771766404
649,163,I,1.4847266404679265
650,163,N,0.0
651,163,CRT,0.7142857142857142
652,164,C,2.5796949771766404
653,164,I,4.6526957480816815
654,164,N,1.6832424671458286
655,164,CRT,0.857142857142857
656,165,C,2.5796949771766404
657,165,I,1.6832424671458286
658,165,N,0.5882741304371146
659,165,CRT,0.7142857142857142
660,166,C,2.073000770905041
661,166,I,3.167969107613755
662,166,N,2.073000770905041
663,166,CRT,0.666666666666667
664,167,C,3.167969107613755
665,167,I,3.167969107613755
666,167,N,3.167969107613755
667,167,CRT,0.42857142857142894
668,168,C,2.073000770905041
669,168,I,4.6526957480816815
670,168,N,0.5882741304371144
671,168,CRT,0.5714285714285711
672,169,C,1.4847266404679265
673,169,I,0.0
674,169,N,0.0
675,169,CRT,0.28571428571428603
676,170,C,2.073000770905041
677,170,I,2.073000770905041
678,170,N,2.5796949771766404
679,170,CRT,0.7142857142857142
680,171,C,1.094968336708714
681,171,I,0.5066942062715994
682,171,N,0.5882741304371146
683,171,CRT,0.5714285714285711
684,172,C,4.6526957480816815
685,172,I,4.6526957480816815
686,172,N,0.5882741304371146
687,172,CRT,0.857142857142857
688,173,C,0.5066942062715994
689,173,I,1.4847266404679265
690,173,N,1.6832424671458286
691,173,CRT,0.42857142857142894
692,174,C,2.073000770905041
693,174,I,1.094968336708714
694,174,N,1.4847266404679265
695,174,CRT,0.7142857142857142
696,175,C,2.5796949771766404
697,175,I,2.5796949771766404
698,175,N,0.5882741304371146
699,175,CRT,1.0
700,176,C,1.6832424671458286
701,176,I,2.5796949771766404
702,176,N,2.073000770905041
703,176,CRT,0.5714285714285711
704,177,C,0.0
705,177,I,2.073000770905041
706,177,N,0.0
707,177,CRT,0.42857142857142894
708,178,C,0.0
709,178,I,1.094968336708714
710,178,N,0.5882741304371144
711,178,CRT,0.5714285714285711
712,179,C,1.4847266404679265
713,179,I,1.094968336708714
714,179,N,0.5882741304371146
715,179,CRT,0.5714285714285711
716,180,C,0.0
717,180,I,1.094968336708714
718,180,N,1.6832424671458286
719,180,CRT,0.0
720,181,C,1.094968336708714
721,181,I,4.6526957480816815
722,181,N,2.073000770905041
723,181,CRT,0.5714285714285711
724,182,C,-0.5882741304371144
725,182,I,-1.094968336708714
726,182,N,0.5882741304371144
727,182,CRT,0.7142857142857142
728,183,C,0.5882741304371144
729,183,I,0.5066942062715994
730,183,N,1.094968336708714
731,183,CRT,0.5714285714285711
732,184,C,-1.094968336708714
733,184,I,1.4847266404679265
734,184,N,0.0
735,184,CRT,0.857142857142857
736,185,C,2.073000770905041
737,185,I,3.167969107613755
738,185,N,4.6526957480816815
739,185,CRT,0.42857142857142894
740,186,C,0.0
741,186,I,1.6832424671458286
742,186,N,1.6832424671458286
743,186,CRT,0.42857142857142894
744,187,C,3.167969107613755
745,187,I,2.5796949771766404
746,187,N,3.167969107613755
747,187,CRT,0.857142857142857
748,188,C,1.094968336708714
749,188,I,0.5066942062715994
750,188,N,1.094968336708714
751,188,CRT,0.857142857142857
752,189,C,2.5796949771766404
753,189,I,2.5796949771766404
754,189,N,2.073000770905041
755,189,CRT,0.857142857142857
756,190,C,1.4847266404679265
757,190,I,2.073000770905041
758,190,N,2.073000770905041
759,190,CRT,0.5714285714285711
760,191,C,-0.5066942062715994
761,191,I,2.5796949771766404
762,191,N,0.5066942062715994
763,191,CRT,0.7142857142857142
764,192,C,1.4847266404679265
765,192,I,1.4847266404679265
766,192,N,2.073000770905041
767,192,CRT,0.42857142857142894
768,193,C,1.6832424671458286
769,193,I,3.167969107613755
770,193,N,2.073000770905041
771,193,CRT,0.7142857142857142
772,194,C,-0.5066942062715994
773,194,I,4.6526957480816815
774,194,N,1.094968336708714
775,194,CRT,0.5714285714285711
776,195,C,2.5796949771766404
777,195,I,1.6832424671458286
778,195,N,4.6526957480816815
779,195,CRT,0.5714285714285711
780,196,C,1.4847266404679265
781,196,I,2.5796949771766404
782,196,N,2.5796949771766404
783,196,CRT,0.5714285714285711
784,197,C,0.0
785,197,I,3.167969107613755
786,197,N,2.5796949771766404
787,197,CRT,0.14285714285714302
788,198,C,0.5882741304371144
789,198,I,2.5796949771766404
790,198,N,0.0
791,198,CRT,0.0
792,199,C,1.094968336708714
793,199,I,3.167969107613755
794,199,N,0.0
795,199,CRT,0.14285714285714302
796,200,C,1.094968336708714
797,200,I,3.167969107613755
798,200,N,1.094968336708714
799,200,CRT,0.28571428571428603
800,201,C,1.6832424671458286
801,201,I,3.167969107613755
802,201,N,4.6526957480816815
803,201,CRT,0.0
804,202,C,3.167969107613755
805,202,I,3.167969107613755
806,202,N,3.167969107613755
807,202,CRT,0.28571428571428603
808,203,C,3.167969107613755
809,203,I,4.6526957480816815
810,203,N,1.6832424671458286
811,203,CRT,0.0
812,204,C,2.073000770905041
813,204,I,4.6526957480816815
814,204,N,2.5796949771766404
815,204,CRT,0.28571428571428603
816,205,C,1.094968336708714
817,205,I,3.167969107613755
818,205,N,4.6526957480816815
819,205,CRT,0.28571428571428603
820,206,C,3.167969107613755
821,206,I,4.6526957480816815
822,206,N,4.6526957480816815
823,206,CRT,0.28571428571428603
824,207,C,0.0
825,207,I,2.073000770905041
826,207,N,1.094968336708714
827,207,CRT,0.14285714285714302
828,208,C,2.073000770905041
829,208,I,4.6526957480816815
830,208,N,3.167969107613755
831,208,CRT,0.14285714285714302
832,209,C,1.6832424671458286
833,209,I,3.167969107613755
834,209,N,3.167969107613755
835,209,CRT,0.28571428571428603
836,210,C,1.094968336708714
837,210,I,3.167969107613755
838,210,N,3.167969107613755
839,210,CRT,0.14285714285714302
840,211,C,1.094968336708714
841,211,I,3.167969107613755
842,211,N,1.094968336708714
843,211,CRT,0.14285714285714302
844,212,C,4.6526957480816815
845,212,I,3.167969107613755
846,212,N,4.6526957480816815
847,212,CRT,0.42857142857142894
848,213,C,2.5796949771766404
849,213,I,4.6526957480816815
850,213,N,-2.073000770905041
851,213,CRT,0.28571428571428603
852,214,C,1.094968336708714
853,214,I,4.6526957480816815
854,214,N,3.167969107613755
855,214,CRT,0.28571428571428603
856,215,C,2.5796949771766404
857,215,I,0.5066942062715994
858,215,N,1.6832424671458286
859,215,CRT,0.28571428571428603
860,216,C,0.0
861,216,I,2.073000770905041
862,216,N,4.6526957480816815
863,216,CRT,0.42857142857142894
864,217,C,1.094968336708714
865,217,I,3.167969107613755
866,217,N,0.0
867,217,CRT,0.28571428571428603
868,218,C,0.5882741304371144
869,218,I,4.6526957480816815
870,218,N,1.6832424671458286
871,218,CRT,0.14285714285714302
872,219,C,-2.073000770905041
873,219,I,2.5796949771766404
874,219,N,0.5066942062715994
875,219,CRT,0.0
876,220,C,4.6526957480816815
877,220,I,4.6526957480816815
878,220,N,4.6526957480816815
879,220,CRT,0.0
880,221,C,0.0
881,221,I,3.167969107613755
882,221,N,3.167969107613755
883,221,CRT,0.0
884,222,C,1.4847266404679265
885,222,I,4.6526957480816815
886,222,N,2.5796949771766404
887,222,CRT,0.14285714285714302
888,223,C,2.5796949771766404
889,223,I,3.167969107613755
890,223,N,3.167969107613755
891,223,CRT,0.14285714285714302
892,224,C,3.167969107613755
893,224,I,3.167969107613755
894,224,N,0.5066942062715994
895,224,CRT,0.0
896,225,C,2.5796949771766404
897,225,I,4.6526957480816815
898,225,N,4.6526957480816815
899,225,CRT,0.0
900,226,C,2.5796949771766404
901,226,I,4.6526957480816815
902,226,N,4.6526957480816815
903,226,CRT,0.0
904,227,C,0.5882741304371144
905,227,I,4.6526957480816815
906,227,N,4.6526957480816815
907,227,CRT,0.14285714285714302
908,228,C,1.094968336708714
909,228,I,4.6526957480816815
910,228,N,3.167969107613755
911,228,CRT,0.14285714285714302
912,229,C,1.4847266404679265
913,229,I,3.167969107613755
914,229,N,2.5796949771766404
915,229,CRT,0.0
916,230,C,1.094968336708714
917,230,I,4.6526957480816815
918,230,N,1.094968336708714
919,230,CRT,0.0
920,231,C,0.0
921,231,I,3.167969107613755
922,231,N,2.073000770905041
923,231,CRT,0.0
924,232,C,1.094968336708714
925,232,I,2.5796949771766404
926,232,N,1.094968336708714
927,232,CRT,0.0
928,233,C,1.094968336708714
929,233,I,4.6526957480816815
930,233,N,4.6526957480816815
931,233,CRT,0.0
932,234,C,2.073000770905041
933,234,I,3.167969107613755
934,234,N,2.073000770905041
935,234,CRT,0.14285714285714302
936,235,C,0.0
937,235,I,0.0
938,235,N,1.4847266404679265
939,235,CRT,0.0
940,236,C,-0.5066942062715994
941,236,I,0.5882741304371144
942,236,N,3.167969107613755
943,236,CRT,0.14285714285714302
944,237,C,1.6832424671458286
945,237,I,3.167969107613755
946,237,N,2.5796949771766404
947,237,CRT,0.28571428571428603
948,238,C,1.6832424671458286
949,238,I,4.6526957480816815
950,238,N,3.167969107613755
951,238,CRT,0.28571428571428603
952,239,C,0.5882741304371144
953,239,I,3.167969107613755
954,239,N,3.167969107613755
955,239,CRT,0.42857142857142894
956,240,C,3.167969107613755
957,240,I,4.6526957480816815
958,240,N,0.5066942062715994
959,240,CRT,0.14285714285714302
960,241,C,2.073000770905041
961,241,I,3.167969107613755
962,241,N,1.094968336708714
963,241,CRT,0.14285714285714302
964,242,C,1.4847266404679265
965,242,I,2.073000770905041
966,242,N,2.073000770905041
967,242,CRT,0.28571428571428603
968,243,C,4.6526957480816815
969,243,I,1.094968336708714
970,243,N,3.167969107613755
971,243,CRT,0.14285714285714302
972,244,C,3.167969107613755
973,244,I,3.167969107613755
974,244,N,1.6832424671458286
975,244,CRT,0.14285714285714302
976,245,C,2.073000770905041
977,245,I,0.0
978,245,N,1.4847266404679265
979,245,CRT,0.42857142857142894
980,246,C,0.5882741304371144
981,246,I,0.0
982,246,N,1.6832424671458286
983,246,CRT,0.14285714285714302
984,247,C,1.4847266404679265
985,247,I,3.167969107613755
986,247,N,3.167969107613755
987,247,CRT,0.14285714285714302
988,248,C,3.167969107613755
989,248,I,1.094968336708714
990,248,N,3.167969107613755
991,248,CRT,0.42857142857142894
992,249,C,1.6832424671458286
993,249,I,2.5796949771766404
994,249,N,2.073000770905041
995,249,CRT,0.28571428571428603
996,250,C,-0.5066942062715994
997,250,I,4.6526957480816815
998,250,N,2.5796949771766404
999,250,CRT,0.42857142857142894
1000,251,C,3.167969107613755
1001,251,I,4.6526957480816815
1002,251,N,4.6526957480816815
1003,251,CRT,0.28571428571428603
1004,252,C,1.094968336708714
1005,252,I,3.167969107613755
1006,252,N,0.5882741304371144
1007,252,CRT,0.42857142857142894
1008,253,C,1.094968336708714
1009,253,I,3.167969107613755
1010,253,N,2.073000770905041
1011,253,CRT,0.28571428571428603
1012,254,C,0.0
1013,254,I,3.167969107613755
1014,254,N,2.5796949771766404
1015,254,CRT,0.0
1016,255,C,1.6832424671458286
1017,255,I,2.073000770905041
1018,255,N,3.167969107613755
1019,255,CRT,0.0
1020,256,C,0.0
1021,256,I,4.6526957480816815
1022,256,N,2.5796949771766404
1023,256,CRT,0.0
1024,257,C,0.0
1025,257,I,3.167969107613755
1026,257,N,3.167969107613755
1027,257,CRT,0.0
1028,258,C,4.6526957480816815
1029,258,I,1.094968336708714
1030,258,N,0.5066942062715994
1031,258,CRT,0.0
1032,259,C,2.5796949771766404
1033,259,I,0.0
1034,259,N,0.5882741304371144
1035,259,CRT,0.28571428571428603
1036,260,C,0.5882741304371144
1037,260,I,2.5796949771766404
1038,260,N,2.5796949771766404
1039,260,CRT,0.0
1040,261,C,2.073000770905041
1041,261,I,4.6526957480816815
1042,261,N,1.094968336708714
1043,261,CRT,0.0
1044,262,C,1.094968336708714
1045,262,I,0.0
1046,262,N,0.0
1047,262,CRT,0.0
1048,263,C,1.094968336708714
1049,263,I,3.167969107613755
1050,263,N,2.5796949771766404
1051,263,CRT,0.0
1052,264,C,2.5796949771766404
1053,264,I,4.6526957480816815
1054,264,N,4.6526957480816815
1055,264,CRT,0.0
1056,265,C,1.094968336708714
1057,265,I,1.094968336708714
1058,265,N,2.5796949771766404
1059,265,CRT,0.14285714285714302
1060,266,C,3.167969107613755
1061,266,I,3.167969107613755
1062,266,N,3.167969107613755
1063,266,CRT,0.14285714285714302
1064,267,C,2.5796949771766404
1065,267,I,4.6526957480816815
1066,267,N,1.6832424671458286
1067,267,CRT,0.0
1068,268,C,2.5796949771766404
1069,268,I,0.5066942062715994
1070,268,N,3.167969107613755
1071,268,CRT,0.42857142857142894
1072,269,C,3.167969107613755
1073,269,I,1.094968336708714
1074,269,N,4.6526957480816815
1075,269,CRT,0.28571428571428603
1076,270,C,1.6832424671458286
1077,270,I,4.6526957480816815
1078,270,N,0.5882741304371144
1079,270,CRT,0.14285714285714302
1080,271,C,0.0
1081,271,I,0.0
1082,271,N,2.5796949771766404
1083,271,CRT,0.0
1084,272,C,2.5796949771766404
1085,272,I,4.6526957480816815
1086,272,N,2.5796949771766404
1087,272,CRT,0.14285714285714302
1088,273,C,1.094968336708714
1089,273,I,3.167969107613755
1090,273,N,4.6526957480816815
1091,273,CRT,0.42857142857142894
1092,274,C,2.073000770905041
1093,274,I,4.6526957480816815
1094,274,N,2.5796949771766404
1095,274,CRT,0.0
1096,275,C,0.5882741304371144
1097,275,I,0.0
1098,275,N,2.5796949771766404
1099,275,CRT,0.28571428571428603
1100,276,C,2.073000770905041
1101,276,I,4.6526957480816815
1102,276,N,2.073000770905041
1103,276,CRT,0.14285714285714302
1104,277,C,3.167969107613755
1105,277,I,4.6526957480816815
1106,277,N,1.094968336708714
1107,277,CRT,0.14285714285714302
1108,278,C,2.5796949771766404
1109,278,I,4.6526957480816815
1110,278,N,1.6832424671458286
1111,278,CRT,0.14285714285714302
1112,279,C,1.4847266404679265
1113,279,I,3.167969107613755
1114,279,N,0.0
1115,279,CRT,0.42857142857142894
1116,280,C,1.094968336708714
1117,280,I,3.167969107613755
1118,280,N,2.5796949771766404
1119,280,CRT,0.28571428571428603
1120,281,C,3.167969107613755
1121,281,I,3.167969107613755
1122,281,N,1.6832424671458286
1123,281,CRT,0.14285714285714302
1124,282,C,1.4847266404679265
1125,282,I,3.167969107613755
1126,282,N,4.6526957480816815
1127,282,CRT,0.0
1128,283,C,1.4847266404679265
1129,283,I,2.5796949771766404
1130,283,N,4.6526957480816815
1131,283,CRT,0.0
1132,284,C,3.167969107613755
1133,284,I,4.6526957480816815
1134,284,N,1.6832424671458286
1135,284,CRT,0.0
1136,285,C,2.073000770905041
1137,285,I,1.6832424671458286
1138,285,N,2.5796949771766404
1139,285,CRT,0.0
1140,286,C,2.5796949771766404
1141,286,I,2.5796949771766404
1142,286,N,2.5796949771766404
1143,286,CRT,0.0
1144,287,C,2.5796949771766404
1145,287,I,0.5066942062715994
1146,287,N,1.4847266404679265
1147,287,CRT,0.42857142857142894
1148,288,C,3.167969107613755
1149,288,I,4.6526957480816815
1150,288,N,2.5796949771766404
1151,288,CRT,0.0
1152,289,C,0.5882741304371144
1153,289,I,1.094968336708714
1154,289,N,3.167969107613755
1155,289,CRT,0.28571428571428603
1156,290,C,1.4847266404679265
1157,290,I,2.5796949771766404
1158,290,N,1.4847266404679265
1159,290,CRT,0.14285714285714302
1160,291,C,0.0
1161,291,I,1.4847266404679265
1162,291,N,1.4847266404679265
1163,291,CRT,0.0
1164,292,C,1.094968336708714
1165,292,I,1.094968336708714
1166,292,N,1.6832424671458286
1167,292,CRT,0.0
1168,293,C,0.0
1169,293,I,0.0
1170,293,N,0.0
1171,293,CRT,0.28571428571428603
1172,294,C,1.4847266404679265
1173,294,I,4.6526957480816815
1174,294,N,2.5796949771766404
1175,294,CRT,0.14285714285714302
1176,295,C,2.5796949771766404
1177,295,I,3.167969107613755
1178,295,N,3.167969107613755
1179,295,CRT,0.0
1180,296,C,1.6832424671458286
1181,296,I,3.167969107613755
1182,296,N,4.6526957480816815
1183,296,CRT,0.0
1184,297,C,1.4847266404679265
1185,297,I,0.0
1186,297,N,2.073000770905041
1187,297,CRT,0.14285714285714302
1188,298,C,2.073000770905041
1189,298,I,1.094968336708714
1190,298,N,1.4847266404679265
1191,298,CRT,0.0
1192,299,C,1.4847266404679265
1193,299,I,2.073000770905041
1194,299,N,2.073000770905041
1195,299,CRT,0.0
1196,300,C,0.5066942062715994
1197,300,I,0.5882741304371144
1198,300,N,0.0
1199,300,CRT,0.28571428571428603
1200,301,C,1.6832424671458286
1201,301,I,2.5796949771766404
1202,301,N,3.167969107613755
1203,301,CRT,0.42857142857142894
1204,302,C,2.5796949771766404
1205,302,I,3.167969107613755
1206,302,N,0.0
1207,302,CRT,0.0
1208,303,C,2.5796949771766404
1209,303,I,3.167969107613755
1210,303,N,2.5796949771766404
1211,303,CRT,0.14285714285714302
1212,304,C,3.167969107613755
1213,304,I,1.6832424671458286
1214,304,N,0.5066942062715994
1215,304,CRT,0.0
1216,305,C,2.5796949771766404
1217,305,I,4.6526957480816815
1218,305,N,3.167969107613755
1219,305,CRT,0.28571428571428603
1220,306,C,2.5796949771766404
1221,306,I,2.5796949771766404
1222,306,N,1.4847266404679265
1223,306,CRT,0.0
1224,307,C,0.0
1225,307,I,1.094968336708714
1226,307,N,2.5796949771766404
1227,307,CRT,0.28571428571428603
1228,308,C,1.6832424671458286
1229,308,I,1.094968336708714
1230,308,N,0.5882741304371146
1231,308,CRT,0.28571428571428603
1232,309,C,4.6526957480816815
1233,309,I,4.6526957480816815
1234,309,N,3.167969107613755
1235,309,CRT,0.42857142857142894
1236,310,C,1.6832424671458286
1237,310,I,3.167969107613755
1238,310,N,1.094968336708714
1239,310,CRT,0.14285714285714302
1240,311,C,2.073000770905041
1241,311,I,3.167969107613755
1242,311,N,3.167969107613755
1243,311,CRT,0.14285714285714302
1244,312,C,3.167969107613755
1245,312,I,3.167969107613755
1246,312,N,3.167969107613755
1247,312,CRT,0.14285714285714302
1248,313,C,2.5796949771766404
1249,313,I,4.6526957480816815
1250,313,N,3.167969107613755
1251,313,CRT,0.28571428571428603
1252,314,C,1.094968336708714
1253,314,I,3.167969107613755
1254,314,N,1.6832424671458286
1255,314,CRT,0.42857142857142894
1256,315,C,-1.4847266404679265
1257,315,I,1.094968336708714
1258,315,N,1.4847266404679265
1259,315,CRT,0.14285714285714302
1260,316,C,2.5796949771766404
1261,316,I,3.167969107613755
1262,316,N,3.167969107613755
1263,316,CRT,0.28571428571428603
1264,317,C,0.0
1265,317,I,3.167969107613755
1266,317,N,1.094968336708714
1267,317,CRT,0.14285714285714302
1268,318,C,2.5796949771766404
1269,318,I,1.094968336708714
1270,318,N,0.5882741304371146
1271,318,CRT,0.14285714285714302
1272,319,C,3.167969107613755
1273,319,I,2.5796949771766404
1274,319,N,1.094968336708714
1275,319,CRT,0.14285714285714302
1276,320,C,4.6526957480816815
1277,320,I,2.073000770905041
1278,320,N,2.073000770905041
1279,320,CRT,0.28571428571428603
1280,321,C,1.6832424671458286
1281,321,I,1.094968336708714
1282,321,N,3.167969107613755
1283,321,CRT,0.28571428571428603
1284,322,C,1.6832424671458286
1285,322,I,1.6832424671458286
1286,322,N,2.073000770905041
1287,322,CRT,0.28571428571428603
1288,323,C,0.0
1289,323,I,0.5882741304371144
1290,323,N,2.073000770905041
1291,323,CRT,0.42857142857142894
1292,324,C,-2.073000770905041
1293,324,I,1.6832424671458286
1294,324,N,2.073000770905041
1295,324,CRT,0.42857142857142894
1296,325,C,1.6832424671458286
1297,325,I,2.5796949771766404
1298,325,N,2.5796949771766404
1299,325,CRT,0.42857142857142894
1300,326,C,2.5796949771766404
1301,326,I,1.4847266404679265
1302,326,N,2.073000770905041
1303,326,CRT,0.0
1304,327,C,0.5066942062715994
1305,327,I,4.6526957480816815
1306,327,N,2.5796949771766404
1307,327,CRT,0.0
1308,328,C,0.5066942062715994
1309,328,I,3.167969107613755
1310,328,N,2.5796949771766404
1311,328,CRT,0.0
1312,329,C,1.094968336708714
1313,329,I,1.094968336708714
1314,329,N,1.094968336708714
1315,329,CRT,0.14285714285714302
1316,330,C,2.5796949771766404
1317,330,I,3.167969107613755
1318,330,N,2.073000770905041
1319,330,CRT,0.0
1320,331,C,0.5882741304371144
1321,331,I,1.094968336708714
1322,331,N,2.5796949771766404
1323,331,CRT,0.0
1324,332,C,2.073000770905041
1325,332,I,4.6526957480816815
1326,332,N,2.5796949771766404
1327,332,CRT,0.0
1328,333,C,2.5796949771766404
1329,333,I,2.5796949771766404
1330,333,N,4.6526957480816815
1331,333,CRT,0.166666666666667
1332,334,C,2.5796949771766404
1333,334,I,3.167969107613755
1334,334,N,1.094968336708714
1335,334,CRT,0.14285714285714302
1336,335,C,2.5796949771766404
1337,335,I,3.167969107613755
1338,335,N,4.6526957480816815
1339,335,CRT,0.28571428571428603
1340,336,C,2.5796949771766404
1341,336,I,4.6526957480816815
1342,336,N,0.5882741304371146
1343,336,CRT,0.14285714285714302
1344,337,C,1.4847266404679265
1345,337,I,2.5796949771766404
1346,337,N,3.167969107613755
1347,337,CRT,0.14285714285714302
1348,338,C,3.167969107613755
1349,338,I,3.167969107613755
1350,338,N,3.167969107613755
1351,338,CRT,0.14285714285714302
1352,339,C,1.4847266404679265
1353,339,I,1.6832424671458286
1354,339,N,3.167969107613755
1355,339,CRT,0.28571428571428603
1356,340,C,1.094968336708714
1357,340,I,1.094968336708714
1358,340,N,2.5796949771766404
1359,340,CRT,0.14285714285714302
1360,341,C,2.073000770905041
1361,341,I,2.5796949771766404
1362,341,N,2.5796949771766404
1363,341,CRT,0.42857142857142894
1364,342,C,3.167969107613755
1365,342,I,3.167969107613755
1366,342,N,4.6526957480816815
1367,342,CRT,0.14285714285714302
1368,343,C,1.094968336708714
1369,343,I,4.6526957480816815
1370,343,N,0.5882741304371144
1371,343,CRT,0.14285714285714302
1372,344,C,2.5796949771766404
1373,344,I,4.6526957480816815
1374,344,N,3.167969107613755
1375,344,CRT,0.14285714285714302
1376,345,C,2.5796949771766404
1377,345,I,1.094968336708714
1378,345,N,2.5796949771766404
1379,345,CRT,0.0
1380,346,C,1.094968336708714
1381,346,I,1.094968336708714
1382,346,N,2.5796949771766404
1383,346,CRT,0.0
1384,347,C,0.0
1385,347,I,2.5796949771766404
1386,347,N,1.6832424671458286
1387,347,CRT,0.28571428571428603
1388,348,C,0.0
1389,348,I,0.0
1390,348,N,-0.5882741304371144
1391,348,CRT,0.28571428571428603
1392,349,C,-1.4847266404679265
1393,349,I,1.6832424671458286
1394,349,N,0.0
1395,349,CRT,0.14285714285714302
1396,350,C,3.167969107613755
1397,350,I,2.073000770905041
1398,350,N,0.5882741304371146
1399,350,CRT,0.0
1400,351,C,1.4847266404679265
1401,351,I,3.167969107613755
1402,351,N,3.167969107613755
1403,351,CRT,0.42857142857142894
1404,352,C,1.6832424671458286
1405,352,I,-1.4847266404679265
1406,352,N,0.0
1407,352,CRT,0.14285714285714302
1408,353,C,0.0
1409,353,I,-0.5882741304371144
1410,353,N,0.5882741304371146
1411,353,CRT,0.28571428571428603
1412,354,C,3.167969107613755
1413,354,I,4.6526957480816815
1414,354,N,3.167969107613755
1415,354,CRT,0.0
1416,355,C,2.5796949771766404
1417,355,I,2.5796949771766404
1418,355,N,1.4847266404679265
1419,355,CRT,0.14285714285714302
1420,356,C,0.0
1421,356,I,0.5066942062715994
1422,356,N,1.6832424671458286
1423,356,CRT,0.14285714285714302
1424,357,C,1.4847266404679265
1425,357,I,2.073000770905041
1426,357,N,0.0
1427,357,CRT,0.0
1428,358,C,1.094968336708714
1429,358,I,0.0
1430,358,N,-1.4847266404679265
1431,358,CRT,0.0
1432,359,C,2.073000770905041
1433,359,I,2.5796949771766404
1434,359,N,1.6832424671458286
1435,359,CRT,0.14285714285714302
1436,360,C,1.094968336708714
1437,360,I,1.6832424671458286
1438,360,N,1.094968336708714
1439,360,CRT,0.0
1440,361,C,1.094968336708714
1441,361,I,2.5796949771766404
1442,361,N,2.073000770905041
1443,361,CRT,0.14285714285714302
1444,362,C,1.094968336708714
1445,362,I,0.0
1446,362,N,2.5796949771766404
1447,362,CRT,0.14285714285714302
1448,363,C,1.094968336708714
1449,363,I,3.167969107613755
1450,363,N,0.0
1451,363,CRT,0.0
1452,364,C,3.167969107613755
1453,364,I,4.6526957480816815
1454,364,N,3.167969107613755
1455,364,CRT,0.42857142857142894
1456,365,C,1.6832424671458286
1457,365,I,4.6526957480816815
1458,365,N,0.5066942062715994
1459,365,CRT,0.14285714285714302
1460,366,C,3.167969107613755
1461,366,I,2.5796949771766404
1462,366,N,2.073000770905041
1463,366,CRT,0.14285714285714302
1464,367,C,0.0
1465,367,I,4.6526957480816815
1466,367,N,3.167969107613755
1467,367,CRT,0.0
1468,368,C,1.094968336708714
1469,368,I,2.5796949771766404
1470,368,N,2.073000770905041
1471,368,CRT,0.28571428571428603
1472,369,C,0.5882741304371144
1473,369,I,3.167969107613755
1474,369,N,3.167969107613755
1475,369,CRT,0.0
1476,370,C,-1.4847266404679265
1477,370,I,2.5796949771766404
1478,370,N,1.6832424671458286
1479,370,CRT,0.28571428571428603
1480,371,C,2.073000770905041
1481,371,I,2.5796949771766404
1482,371,N,4.6526957480816815
1483,371,CRT,0.0
1484,372,C,1.6832424671458286
1485,372,I,0.5882741304371144
1486,372,N,1.094968336708714
1487,372,CRT,0.28571428571428603
1488,373,C,2.5796949771766404
1489,373,I,4.6526957480816815
1490,373,N,4.6526957480816815
1491,373,CRT,0.0
1492,374,C,4.6526957480816815
1493,374,I,3.167969107613755
1494,374,N,2.5796949771766404
1495,374,CRT,0.28571428571428603
1496,375,C,0.0
1497,375,I,0.5882741304371144
1498,375,N,-2.073000770905041
1499,375,CRT,0.14285714285714302
1500,376,C,1.4847266404679265
1501,376,I,2.073000770905041
1502,376,N,-1.4847266404679265
1503,376,CRT,0.14285714285714302
1504,377,C,-1.4847266404679265
1505,377,I,-1.4847266404679265
1506,377,N,1.4847266404679265
1507,377,CRT,0.14285714285714302
1508,378,C,3.167969107613755
1509,378,I,3.167969107613755
1510,378,N,3.167969107613755
1511,378,CRT,0.14285714285714302
1512,379,C,0.0
1513,379,I,2.5796949771766404
1514,379,N,1.4847266404679265
1515,379,CRT,0.14285714285714302
1516,380,C,1.4847266404679265
1517,380,I,3.167969107613755
1518,380,N,1.6832424671458286
1519,380,CRT,0.28571428571428603
1520,381,C,3.167969107613755
1521,381,I,3.167969107613755
1522,381,N,2.5796949771766404
1523,381,CRT,0.14285714285714302
1524,382,C,3.167969107613755
1525,382,I,4.6526957480816815
1526,382,N,3.167969107613755
1527,382,CRT,0.14285714285714302
1528,383,C,2.5796949771766404
1529,383,I,2.073000770905041
1530,383,N,1.6832424671458286
1531,383,CRT,0.14285714285714302
1532,384,C,1.094968336708714
1533,384,I,4.6526957480816815
1534,384,N,1.6832424671458286
1535,384,CRT,0.0
1536,385,C,2.5796949771766404
1537,385,I,3.167969107613755
1538,385,N,3.167969107613755
1539,385,CRT,0.0
1540,386,C,1.094968336708714
1541,386,I,4.6526957480816815
1542,386,N,3.167969107613755
1543,386,CRT,0.0
1544,387,C,0.0
1545,387,I,1.4847266404679265
1546,387,N,1.4847266404679265
1547,387,CRT,0.14285714285714302
1548,388,C,1.4847266404679265
1549,388,I,3.167969107613755
1550,388,N,3.167969107613755
1551,388,CRT,0.14285714285714302
1552,389,C,0.0
1553,389,I,3.167969107613755
1554,389,N,2.073000770905041
1555,389,CRT,0.14285714285714302
1556,390,C,2.073000770905041
1557,390,I,2.073000770905041
1558,390,N,2.073000770905041
1559,390,CRT,0.42857142857142894
1560,391,C,1.6832424671458286
1561,391,I,2.5796949771766404
1562,391,N,2.073000770905041
1563,391,CRT,0.0
1564,392,C,0.5882741304371144
1565,392,I,4.6526957480816815
1566,392,N,0.5882741304371146
1567,392,CRT,0.0
1568,393,C,0.5066942062715994
1569,393,I,1.6832424671458286
1570,393,N,2.073000770905041
1571,393,CRT,0.28571428571428603
1572,394,C,3.167969107613755
1573,394,I,4.6526957480816815
1574,394,N,3.167969107613755
1575,394,CRT,0.28571428571428603
1576,395,C,1.6832424671458286
1577,395,I,4.6526957480816815
1578,395,N,2.073000770905041
1579,395,CRT,0.0
1580,396,C,0.5066942062715994
1581,396,I,2.5796949771766404
1582,396,N,0.0
1583,396,CRT,0.14285714285714302
1584,397,C,0.5882741304371146
1585,397,I,3.167969107613755
1586,397,N,0.0
1587,397,CRT,0.14285714285714302
1588,398,C,1.6832424671458286
1589,398,I,3.167969107613755
1590,398,N,2.5796949771766404
1591,398,CRT,0.14285714285714302
1592,399,C,3.167969107613755
1593,399,I,3.167969107613755
1594,399,N,1.6832424671458286
1595,399,CRT,0.42857142857142894
1596,400,C,4.6526957480816815
1597,400,I,4.6526957480816815
1598,400,N,3.167969107613755
1599,400,CRT,0.42857142857142894
1600,401,C,1.094968336708714
1601,401,I,2.5796949771766404
1602,401,N,0.5882741304371146
1603,401,CRT,0.14285714285714302
1604,402,C,1.4847266404679265
1605,402,I,3.167969107613755
1606,402,N,2.073000770905041
1607,402,CRT,0.28571428571428603
1608,403,C,2.073000770905041
1609,403,I,3.167969107613755
1610,403,N,0.5066942062715994
1611,403,CRT,0.42857142857142894
1612,404,C,3.167969107613755
1613,404,I,2.5796949771766404
1614,404,N,3.167969107613755
1615,404,CRT,0.14285714285714302
1616,405,C,0.5066942062715994
1617,405,I,4.6526957480816815
1618,405,N,2.5796949771766404
1619,405,CRT,0.14285714285714302
1620,406,C,0.0
1621,406,I,2.073000770905041
1622,406,N,4.6526957480816815
1623,406,CRT,0.14285714285714302
1624,407,C,1.6832424671458286
1625,407,I,3.167969107613755
1626,407,N,2.5796949771766404
1627,407,CRT,0.14285714285714302
1628,408,C,2.5796949771766404
1629,408,I,4.6526957480816815
1630,408,N,4.6526957480816815
1631,408,CRT,0.14285714285714302
1632,409,C,3.167969107613755
1633,409,I,3.167969107613755
1634,409,N,3.167969107613755
1635,409,CRT,0.14285714285714302
1636,410,C,1.4847266404679265
1637,410,I,4.6526957480816815
1638,410,N,1.094968336708714
1639,410,CRT,0.28571428571428603
1640,411,C,2.073000770905041
1641,411,I,1.4847266404679265
1642,411,N,2.5796949771766404
1643,411,CRT,0.28571428571428603
1644,412,C,4.6526957480816815
1645,412,I,3.167969107613755
1646,412,N,4.6526957480816815
1647,412,CRT,0.28571428571428603
1648,413,C,1.4847266404679265
1649,413,I,4.6526957480816815
1650,413,N,1.094968336708714
1651,413,CRT,0.42857142857142894
1652,414,C,2.073000770905041
1653,414,I,1.4847266404679265
1654,414,N,0.0
1655,414,CRT,0.42857142857142894
1656,415,C,3.167969107613755
1657,415,I,0.0
1658,415,N,-2.073000770905041
1659,415,CRT,0.42857142857142894
1660,416,C,3.167969107613755
1661,416,I,4.6526957480816815
1662,416,N,2.5796949771766404
1663,416,CRT,0.42857142857142894
1664,417,C,2.5796949771766404
1665,417,I,1.094968336708714
1666,417,N,1.4847266404679265
1667,417,CRT,0.14285714285714302
1668,418,C,1.6832424671458286
1669,418,I,4.6526957480816815
1670,418,N,2.5796949771766404
1671,418,CRT,0.0
1672,419,C,0.0
1673,419,I,3.167969107613755
1674,419,N,1.6832424671458286
1675,419,CRT,0.14285714285714302
1676,420,C,-2.073000770905041
1677,420,I,-0.5882741304371146
1678,420,N,0.5882741304371146
1679,420,CRT,0.14285714285714302
1680,421,C,0.0
1681,421,I,3.167969107613755
1682,421,N,2.5796949771766404
1683,421,CRT,0.0
1684,422,C,2.5796949771766404
1685,422,I,1.094968336708714
1686,422,N,2.073000770905041
1687,422,CRT,0.0
1688,423,C,2.073000770905041
1689,423,I,2.073000770905041
1690,423,N,0.5882741304371144
1691,423,CRT,0.0
1692,424,C,3.167969107613755
1693,424,I,1.6832424671458286
1694,424,N,2.5796949771766404
1695,424,CRT,0.28571428571428603
1696,425,C,1.6832424671458286
1697,425,I,2.5796949771766404
1698,425,N,0.5066942062715994
1699,425,CRT,0.14285714285714302
1700,426,C,0.0
1701,426,I,1.4847266404679265
1702,426,N,0.5882741304371144
1703,426,CRT,0.14285714285714302
1704,427,C,2.5796949771766404
1705,427,I,2.5796949771766404
1706,427,N,3.167969107613755
1707,427,CRT,0.14285714285714302
1708,428,C,3.167969107613755
1709,428,I,2.5796949771766404
1710,428,N,1.094968336708714
1711,428,CRT,0.28571428571428603
1712,429,C,1.094968336708714
1713,429,I,1.094968336708714
1714,429,N,1.6832424671458286
1715,429,CRT,0.28571428571428603
1716,430,C,1.6832424671458286
1717,430,I,2.5796949771766404
1718,430,N,2.073000770905041
1719,430,CRT,0.0
1720,431,C,3.167969107613755
1721,431,I,3.167969107613755
1722,431,N,3.167969107613755
1723,431,CRT,0.28571428571428603
1724,432,C,1.6832424671458286
1725,432,I,2.5796949771766404
1726,432,N,2.5796949771766404
1727,432,CRT,0.0
1728,433,C,2.5796949771766404
1729,433,I,1.6832424671458286
1730,433,N,2.5796949771766404
1731,433,CRT,0.14285714285714302
1732,434,C,3.167969107613755
1733,434,I,1.6832424671458286
1734,434,N,2.5796949771766404
1735,434,CRT,0.28571428571428603
1736,435,C,1.094968336708714
1737,435,I,3.167969107613755
1738,435,N,0.0
1739,435,CRT,0.14285714285714302
1740,436,C,0.5066942062715994
1741,436,I,1.094968336708714
1742,436,N,0.5882741304371144
1743,436,CRT,0.28571428571428603
1744,437,C,1.6832424671458286
1745,437,I,2.5796949771766404
1746,437,N,0.0
1747,437,CRT,0.14285714285714302
1748,438,C,0.5882741304371144
1749,438,I,0.5066942062715994
1750,438,N,0.0
1751,438,CRT,0.14285714285714302
1752,439,C,2.5796949771766404
1753,439,I,4.6526957480816815
1754,439,N,2.5796949771766404
1755,439,CRT,0.14285714285714302
1756,440,C,2.5796949771766404
1757,440,I,2.5796949771766404
1758,440,N,3.167969107613755
1759,440,CRT,0.14285714285714302
1760,441,C,2.073000770905041
1761,441,I,2.5796949771766404
1762,441,N,3.167969107613755
1763,441,CRT,0.14285714285714302
1764,442,C,-0.5882741304371144
1765,442,I,1.094968336708714
1766,442,N,2.073000770905041
1767,442,CRT,0.42857142857142894
1768,443,C,0.0
1769,443,I,1.6832424671458286
1770,443,N,1.094968336708714
1771,443,CRT,0.42857142857142894
1772,444,C,2.5796949771766404
1773,444,I,1.6832424671458286
1774,444,N,3.167969107613755
1775,444,CRT,0.42857142857142894
1776,445,C,2.5796949771766404
1777,445,I,1.4847266404679265
1778,445,N,2.5796949771766404
1779,445,CRT,0.28571428571428603
1780,446,C,2.073000770905041
1781,446,I,2.5796949771766404
1782,446,N,3.167969107613755
1783,446,CRT,0.42857142857142894
1784,447,C,2.5796949771766404
1785,447,I,4.6526957480816815
1786,447,N,3.167969107613755
1787,447,CRT,0.42857142857142894
1788,448,C,2.073000770905041
1789,448,I,3.167969107613755
1790,448,N,-0.5882741304371144
1791,448,CRT,0.14285714285714302
1792,449,C,2.5796949771766404
1793,449,I,4.6526957480816815
1794,449,N,4.6526957480816815
1795,449,CRT,0.0
1796,450,C,3.167969107613755
1797,450,I,3.167969107613755
1798,450,N,3.167969107613755
1799,450,CRT,0.0
1800,451,C,1.094968336708714
1801,451,I,4.6526957480816815
1802,451,N,1.094968336708714
1803,451,CRT,0.14285714285714302
1804,452,C,2.073000770905041
1805,452,I,2.5796949771766404
1806,452,N,2.073000770905041
1807,452,CRT,0.0
1808,453,C,3.167969107613755
1809,453,I,3.167969107613755
1810,453,N,3.167969107613755
1811,453,CRT,0.14285714285714302
1812,454,C,4.6526957480816815
1813,454,I,4.6526957480816815
1814,454,N,4.6526957480816815
1815,454,CRT,0.0
1816,455,C,0.0
1817,455,I,1.4847266404679265
1818,455,N,2.073000770905041
1819,455,CRT,0.42857142857142894
1820,456,C,0.5882741304371144
1821,456,I,3.167969107613755
1822,456,N,0.5882741304371146
1823,456,CRT,0.14285714285714302
1824,457,C,1.4847266404679265
1825,457,I,3.167969107613755
1826,457,N,2.5796949771766404
1827,457,CRT,0.14285714285714302
1828,458,C,0.5066942062715994
1829,458,I,2.5796949771766404
1830,458,N,2.5796949771766404
1831,458,CRT,0.28571428571428603
1832,459,C,3.167969107613755
1833,459,I,3.167969107613755
1834,459,N,1.094968336708714
1835,459,CRT,0.0
1836,460,C,1.6832424671458286
1837,460,I,3.167969107613755
1838,460,N,2.073000770905041
1839,460,CRT,0.28571428571428603
1840,461,C,1.094968336708714
1841,461,I,0.5066942062715994
1842,461,N,3.167969107613755
1843,461,CRT,0.0
1844,462,C,0.0
1845,462,I,0.5882741304371144
1846,462,N,1.094968336708714
1847,462,CRT,0.28571428571428603
1848,463,C,1.094968336708714
1849,463,I,1.6832424671458286
1850,463,N,1.4847266404679265
1851,463,CRT,0.14285714285714302
1852,464,C,-0.5882741304371144
1853,464,I,3.167969107613755
1854,464,N,0.5882741304371146
1855,464,CRT,0.0
1856,465,C,2.073000770905041
1857,465,I,2.5796949771766404
1858,465,N,1.4847266404679265
1859,465,CRT,0.28571428571428603
1860,466,C,0.5882741304371144
1861,466,I,1.6832424671458286
1862,466,N,0.5882741304371144
1863,466,CRT,0.14285714285714302
1864,467,C,3.167969107613755
1865,467,I,1.094968336708714
1866,467,N,1.094968336708714
1867,467,CRT,0.28571428571428603
1868,468,C,2.073000770905041
1869,468,I,0.0
1870,468,N,1.094968336708714
1871,468,CRT,0.0
1872,469,C,1.6832424671458286
1873,469,I,2.5796949771766404
1874,469,N,1.6832424671458286
1875,469,CRT,0.42857142857142894
1876,470,C,2.073000770905041
1877,470,I,3.167969107613755
1878,470,N,4.6526957480816815
1879,470,CRT,0.14285714285714302
1880,471,C,2.073000770905041
1881,471,I,2.073000770905041
1882,471,N,2.5796949771766404
1883,471,CRT,0.0
1884,472,C,4.6526957480816815
1885,472,I,2.5796949771766404
1886,472,N,3.167969107613755
1887,472,CRT,0.28571428571428603
1888,473,C,1.094968336708714
1889,473,I,4.6526957480816815
1890,473,N,1.094968336708714
1891,473,CRT,0.0
1892,474,C,0.0
1893,474,I,3.167969107613755
1894,474,N,2.073000770905041
1895,474,CRT,0.42857142857142894
1896,475,C,1.4847266404679265
1897,475,I,2.073000770905041
1898,475,N,4.6526957480816815
1899,475,CRT,0.14285714285714302
1900,476,C,0.0
1901,476,I,1.094968336708714
1902,476,N,2.073000770905041
1903,476,CRT,0.0
1904,477,C,2.5796949771766404
1905,477,I,4.6526957480816815
1906,477,N,2.5796949771766404
1907,477,CRT,0.42857142857142894
1908,478,C,3.167969107613755
1909,478,I,0.0
1910,478,N,1.094968336708714
1911,478,CRT,0.0
1912,479,C,0.5066942062715994
1913,479,I,1.6832424671458286
1914,479,N,0.5882741304371146
1915,479,CRT,0.42857142857142894
1916,480,C,0.0
1917,480,I,1.4847266404679265
1918,480,N,1.4847266404679265
1919,480,CRT,0.42857142857142894
1920,481,C,0.5882741304371144
1921,481,I,1.6832424671458286
1922,481,N,1.094968336708714
1923,481,CRT,0.42857142857142894
1924,482,C,0.5882741304371144
1925,482,I,2.073000770905041
1926,482,N,2.073000770905041
1927,482,CRT,0.28571428571428603
1928,483,C,0.0
1929,483,I,2.5796949771766404
1930,483,N,3.167969107613755
1931,483,CRT,0.28571428571428603
1932,484,C,3.167969107613755
1933,484,I,2.5796949771766404
1934,484,N,1.6832424671458286
1935,484,CRT,0.28571428571428603
1936,485,C,2.073000770905041
1937,485,I,1.094968336708714
1938,485,N,1.094968336708714
1939,485,CRT,0.42857142857142894
1940,486,C,2.5796949771766404
1941,486,I,3.167969107613755
1942,486,N,0.5882741304371146
1943,486,CRT,0.28571428571428603
1944,487,C,0.0
1945,487,I,2.073000770905041
1946,487,N,1.094968336708714
1947,487,CRT,0.7142857142857142
1948,488,C,2.5796949771766404
1949,488,I,2.073000770905041
1950,488,N,0.0
1951,488,CRT,0.5714285714285711
1952,489,C,0.0
1953,489,I,0.0
1954,489,N,0.0
1955,489,CRT,1.0
1956,490,C,0.0
1957,490,I,1.6832424671458286
1958,490,N,-0.5882741304371146
1959,490,CRT,1.0
1960,491,C,0.5066942062715994
1961,491,I,0.5066942062715994
1962,491,N,1.094968336708714
1963,491,CRT,1.0
1964,492,C,0.0
1965,492,I,0.5882741304371144
1966,492,N,1.094968336708714
1967,492,CRT,0.33333333333333304
1968,493,C,2.5796949771766404
1969,493,I,1.4847266404679265
1970,493,N,2.5796949771766404
1971,493,CRT,0.42857142857142894
1972,494,C,2.5796949771766404
1973,494,I,0.5066942062715994
1974,494,N,0.5882741304371144
1975,494,CRT,0.28571428571428603
1976,495,C,0.0
1977,495,I,-0.5066942062715994
1978,495,N,0.5882741304371144
1979,495,CRT,0.5714285714285711
1980,496,C,0.5066942062715994
1981,496,I,0.0
1982,496,N,0.5882741304371146
1983,496,CRT,0.5714285714285711
1984,497,C,1.4847266404679265
1985,497,I,1.094968336708714
1986,497,N,0.0
1987,497,CRT,0.42857142857142894
1988,498,C,0.0
1989,498,I,1.6832424671458286
1990,498,N,0.0
1991,498,CRT,0.42857142857142894
1992,499,C,4.6526957480816815
1993,499,I,1.094968336708714
1994,499,N,2.5796949771766404
1995,499,CRT,0.7142857142857142
1996,500,C,2.5796949771766404
1997,500,I,3.167969107613755
1998,500,N,2.5796949771766404
1999,500,CRT,0.7142857142857142
2000,501,C,2.073000770905041
2001,501,I,1.094968336708714
2002,501,N,1.094968336708714
2003,501,CRT,0.857142857142857
2004,502,C,1.4847266404679265
2005,502,I,-1.094968336708714
2006,502,N,2.5796949771766404
2007,502,CRT,0.5714285714285711
2008,503,C,2.073000770905041
2009,503,I,0.0
2010,503,N,0.5882741304371144
2011,503,CRT,0.5714285714285711
2012,504,C,2.073000770905041
2013,504,I,1.094968336708714
2014,504,N,2.5796949771766404
2015,504,CRT,0.7142857142857142
2016,505,C,0.5882741304371144
2017,505,I,-0.5066942062715994
2018,505,N,-1.4847266404679265
2019,505,CRT,1.0
2020,506,C,0.0
2021,506,I,2.073000770905041
2022,506,N,3.167969107613755
2023,506,CRT,0.857142857142857
2024,507,C,0.0
2025,507,I,-3.167969107613755
2026,507,N,2.5796949771766404
2027,507,CRT,0.7142857142857142
2028,508,C,2.073000770905041
2029,508,I,2.073000770905041
2030,508,N,0.0
2031,508,CRT,0.857142857142857
2032,509,C,0.0
2033,509,I,0.0
2034,509,N,0.0
2035,509,CRT,0.857142857142857
2036,510,C,2.073000770905041
2037,510,I,3.167969107613755
2038,510,N,2.073000770905041
2039,510,CRT,0.5714285714285711
2040,511,C,0.0
2041,511,I,0.0
2042,511,N,0.0
2043,511,CRT,0.7142857142857142
2044,512,C,0.0
2045,512,I,0.5066942062715994
2046,512,N,1.4847266404679265
2047,512,CRT,0.7142857142857142
2048,513,C,2.073000770905041
2049,513,I,2.073000770905041
2050,513,N,3.167969107613755
2051,513,CRT,0.857142857142857
2052,514,C,0.5882741304371144
2053,514,I,4.6526957480816815
2054,514,N,0.0
2055,514,CRT,0.5714285714285711
2056,515,C,1.6832424671458286
2057,515,I,0.5882741304371144
2058,515,N,4.6526957480816815
2059,515,CRT,0.857142857142857
2060,516,C,1.4847266404679265
2061,516,I,3.167969107613755
2062,516,N,3.167969107613755
2063,516,CRT,0.857142857142857
2064,517,C,0.0
2065,517,I,0.0
2066,517,N,2.5796949771766404
2067,517,CRT,0.7142857142857142
2068,518,C,2.5796949771766404
2069,518,I,0.5066942062715994
2070,518,N,0.5882741304371144
2071,518,CRT,0.5714285714285711
2072,519,C,-0.5882741304371144
2073,519,I,0.0
2074,519,N,1.094968336708714
2075,519,CRT,0.5714285714285711
2076,520,C,1.4847266404679265
2077,520,I,2.073000770905041
2078,520,N,2.5796949771766404
2079,520,CRT,0.42857142857142894
2080,521,C,1.6832424671458286
2081,521,I,2.073000770905041
2082,521,N,0.0
2083,521,CRT,0.14285714285714302
2084,522,C,2.5796949771766404
2085,522,I,2.073000770905041
2086,522,N,3.167969107613755
2087,522,CRT,0.7142857142857142
2088,523,C,0.5882741304371144
2089,523,I,3.167969107613755
2090,523,N,1.094968336708714
2091,523,CRT,0.28571428571428603
2092,524,C,2.073000770905041
2093,524,I,0.0
2094,524,N,1.6832424671458286
2095,524,CRT,0.7142857142857142
2096,525,C,0.5882741304371144
2097,525,I,0.0
2098,525,N,2.5796949771766404
2099,525,CRT,0.42857142857142894
2100,526,C,2.5796949771766404
2101,526,I,0.5882741304371146
2102,526,N,2.073000770905041
2103,526,CRT,0.5714285714285711
2104,527,C,0.0
2105,527,I,1.4847266404679265
2106,527,N,0.0
2107,527,CRT,0.7142857142857142
2108,528,C,3.167969107613755
2109,528,I,2.5796949771766404
2110,528,N,2.073000770905041
2111,528,CRT,0.7142857142857142
2112,529,C,1.4847266404679265
2113,529,I,2.5796949771766404
2114,529,N,2.5796949771766404
2115,529,CRT,0.5714285714285711
2116,530,C,2.5796949771766404
2117,530,I,0.5066942062715994
2118,530,N,0.5882741304371146
2119,530,CRT,0.42857142857142894
2120,531,C,1.4847266404679265
2121,531,I,3.167969107613755
2122,531,N,0.0
2123,531,CRT,0.28571428571428603
2124,532,C,1.6832424671458286
2125,532,I,-0.5066942062715994
2126,532,N,1.094968336708714
2127,532,CRT,1.0
2128,533,C,2.073000770905041
2129,533,I,0.5066942062715994
2130,533,N,-0.5066942062715994
2131,533,CRT,1.0
2132,534,C,2.073000770905041
2133,534,I,-0.5882741304371144
2134,534,N,0.0
2135,534,CRT,0.857142857142857
2136,535,C,3.167969107613755
2137,535,I,0.0
2138,535,N,1.094968336708714
2139,535,CRT,0.42857142857142894
2140,536,C,0.0
2141,536,I,2.073000770905041
2142,536,N,1.094968336708714
2143,536,CRT,0.42857142857142894
2144,537,C,2.073000770905041
2145,537,I,2.5796949771766404
2146,537,N,2.5796949771766404
2147,537,CRT,0.42857142857142894
2148,538,C,4.6526957480816815
2149,538,I,4.6526957480816815
2150,538,N,1.094968336708714
2151,538,CRT,0.5714285714285711
2152,539,C,-1.4847266404679265
2153,539,I,1.4847266404679265
2154,539,N,1.094968336708714
2155,539,CRT,0.7142857142857142
2156,540,C,2.073000770905041
2157,540,I,1.6832424671458286
2158,540,N,2.5796949771766404
2159,540,CRT,0.28571428571428603
2160,541,C,3.167969107613755
2161,541,I,1.6832424671458286
2162,541,N,1.094968336708714
2163,541,CRT,0.5714285714285711
2164,542,C,2.073000770905041
2165,542,I,1.094968336708714
2166,542,N,0.5066942062715994
2167,542,CRT,0.7142857142857142
2168,543,C,4.6526957480816815
2169,543,I,1.4847266404679265
2170,543,N,0.0
2171,543,CRT,0.857142857142857
2172,544,C,0.0
2173,544,I,1.094968336708714
2174,544,N,0.0
2175,544,CRT,0.7142857142857142
2176,545,C,0.0
2177,545,I,2.5796949771766404
2178,545,N,-1.4847266404679265
2179,545,CRT,0.857142857142857
2180,546,C,2.073000770905041
2181,546,I,2.073000770905041
2182,546,N,2.5796949771766404
2183,546,CRT,0.5714285714285711
2184,547,C,0.5882741304371146
2185,547,I,0.0
2186,547,N,2.073000770905041
2187,547,CRT,1.0
2188,548,C,2.073000770905041
2189,548,I,2.073000770905041
2190,548,N,2.5796949771766404
2191,548,CRT,0.5714285714285711
2192,549,C,0.0
2193,549,I,1.4847266404679265
2194,549,N,0.0
2195,549,CRT,0.0
2196,550,C,-1.4847266404679265
2197,550,I,1.4847266404679265
2198,550,N,0.0
2199,550,CRT,0.857142857142857
2200,551,C,0.0
2201,551,I,1.4847266404679265
2202,551,N,0.5882741304371144
2203,551,CRT,0.857142857142857
2204,552,C,2.073000770905041
2205,552,I,0.0
2206,552,N,0.5882741304371144
2207,552,CRT,0.857142857142857
2208,553,C,0.5882741304371144
2209,553,I,2.073000770905041
2210,553,N,2.073000770905041
2211,553,CRT,0.7142857142857142
2212,554,C,-1.4847266404679265
2213,554,I,-2.073000770905041
2214,554,N,0.0
2215,554,CRT,0.42857142857142894
2216,555,C,1.4847266404679265
2217,555,I,0.0
2218,555,N,1.6832424671458286
2219,555,CRT,0.5714285714285711
2220,556,C,3.167969107613755
2221,556,I,2.5796949771766404
2222,556,N,3.167969107613755
2223,556,CRT,0.7142857142857142
2224,557,C,2.5796949771766404
2225,557,I,4.6526957480816815
2226,557,N,2.5796949771766404
2227,557,CRT,0.7142857142857142
2228,558,C,1.4847266404679265
2229,558,I,2.5796949771766404
2230,558,N,3.167969107613755
2231,558,CRT,0.0
2232,559,C,0.0
2233,559,I,1.6832424671458286
2234,559,N,3.167969107613755
2235,559,CRT,0.857142857142857
2236,560,C,2.5796949771766404
2237,560,I,1.4847266404679265
2238,560,N,1.094968336708714
2239,560,CRT,0.7142857142857142
2240,561,C,1.6832424671458286
2241,561,I,1.094968336708714
2242,561,N,0.0
2243,561,CRT,0.7142857142857142
2244,562,C,0.0
2245,562,I,0.0
2246,562,N,0.0
2247,562,CRT,0.5714285714285711
2248,563,C,0.5066942062715994
2249,563,I,0.5066942062715994
2250,563,N,0.0
2251,563,CRT,0.0
2252,564,C,0.0
2253,564,I,0.5882741304371144
2254,564,N,1.4847266404679265
2255,564,CRT,0.7142857142857142
2256,565,C,1.4847266404679265
2257,565,I,3.167969107613755
2258,565,N,2.5796949771766404
2259,565,CRT,0.42857142857142894
2260,566,C,1.094968336708714
2261,566,I,2.073000770905041
2262,566,N,1.094968336708714
2263,566,CRT,0.5714285714285711
2264,567,C,2.5796949771766404
2265,567,I,3.167969107613755
2266,567,N,0.5882741304371146
2267,567,CRT,0.28571428571428603
2268,568,C,2.5796949771766404
2269,568,I,3.167969107613755
2270,568,N,2.5796949771766404
2271,568,CRT,0.7142857142857142
2272,569,C,2.073000770905041
2273,569,I,2.073000770905041
2274,569,N,2.073000770905041
2275,569,CRT,0.7142857142857142
2276,570,C,3.167969107613755
2277,570,I,2.073000770905041
2278,570,N,-0.5066942062715994
2279,570,CRT,0.833333333333333
2280,571,C,2.073000770905041
2281,571,I,2.073000770905041
2282,571,N,0.5882741304371144
2283,571,CRT,0.833333333333333
2284,572,C,-0.5882741304371144
2285,572,I,2.5796949771766404
2286,572,N,0.0
2287,572,CRT,0.42857142857142894
2288,573,C,-0.5882741304371144
2289,573,I,0.5882741304371146
2290,573,N,1.4847266404679265
2291,573,CRT,0.42857142857142894
2292,574,C,2.5796949771766404
2293,574,I,0.5066942062715994
2294,574,N,3.167969107613755
2295,574,CRT,0.42857142857142894
2296,575,C,0.0
2297,575,I,1.6832424671458286
2298,575,N,2.073000770905041
2299,575,CRT,0.5714285714285711
2300,576,C,0.5882741304371144
2301,576,I,1.094968336708714
2302,576,N,0.5066942062715994
2303,576,CRT,0.5714285714285711
2304,577,C,-0.5882741304371144
2305,577,I,1.6832424671458286
2306,577,N,1.094968336708714
2307,577,CRT,0.7142857142857142
2308,578,C,1.094968336708714
2309,578,I,1.6832424671458286
2310,578,N,1.094968336708714
2311,578,CRT,0.5714285714285711
2312,579,C,1.094968336708714
2313,579,I,1.094968336708714
2314,579,N,0.0
2315,579,CRT,0.5714285714285711
2316,580,C,2.5796949771766404
2317,580,I,1.094968336708714
2318,580,N,1.6832424671458286
2319,580,CRT,0.7142857142857142
2320,581,C,0.0
2321,581,I,0.0
2322,581,N,-0.5882741304371144
2323,581,CRT,0.857142857142857
2324,582,C,0.5882741304371144
2325,582,I,3.167969107613755
2326,582,N,0.5882741304371144
2327,582,CRT,0.5714285714285711
2328,583,C,-2.073000770905041
2329,583,I,1.094968336708714
2330,583,N,2.5796949771766404
2331,583,CRT,0.5714285714285711
2332,584,C,1.094968336708714
2333,584,I,1.6832424671458286
2334,584,N,3.167969107613755
2335,584,CRT,0.33333333333333304
2336,585,C,4.6526957480816815
2337,585,I,4.6526957480816815
2338,585,N,3.167969107613755
2339,585,CRT,0.28571428571428603
2340,586,C,2.5796949771766404
2341,586,I,3.167969107613755
2342,586,N,1.094968336708714
2343,586,CRT,0.7142857142857142
2344,587,C,2.5796949771766404
2345,587,I,3.167969107613755
2346,587,N,3.167969107613755
2347,587,CRT,0.5714285714285711
2348,588,C,2.073000770905041
2349,588,I,2.073000770905041
2350,588,N,0.5066942062715994
2351,588,CRT,0.5714285714285711
2352,589,C,0.0
2353,589,I,1.094968336708714
2354,589,N,3.167969107613755
2355,589,CRT,0.42857142857142894
2356,590,C,1.4847266404679265
2357,590,I,0.0
2358,590,N,0.5882741304371146
2359,590,CRT,0.7142857142857142
2360,591,C,3.167969107613755
2361,591,I,2.5796949771766404
2362,591,N,4.6526957480816815
2363,591,CRT,0.28571428571428603
2364,592,C,0.5882741304371146
2365,592,I,0.0
2366,592,N,2.073000770905041
2367,592,CRT,0.28571428571428603
2368,593,C,-1.4847266404679265
2369,593,I,0.5882741304371144
2370,593,N,0.5066942062715994
2371,593,CRT,0.857142857142857
2372,594,C,0.5882741304371144
2373,594,I,1.094968336708714
2374,594,N,-2.073000770905041
2375,594,CRT,0.5714285714285711
2376,595,C,1.6832424671458286
2377,595,I,2.073000770905041
2378,595,N,0.5882741304371144
2379,595,CRT,0.7142857142857142
2380,596,C,0.0
2381,596,I,1.4847266404679265
2382,596,N,0.0
2383,596,CRT,0.5714285714285711
2384,597,C,2.073000770905041
2385,597,I,0.0
2386,597,N,0.5066942062715994
2387,597,CRT,0.857142857142857
2388,598,C,-0.5882741304371146
2389,598,I,0.0
2390,598,N,-0.5066942062715994
2391,598,CRT,0.7142857142857142
2392,599,C,2.073000770905041
2393,599,I,3.167969107613755
2394,599,N,1.6832424671458286
2395,599,CRT,1.0
2396,600,C,2.073000770905041
2397,600,I,0.5066942062715994
2398,600,N,1.094968336708714
2399,600,CRT,0.7142857142857142
2400,601,C,0.0
2401,601,I,1.6832424671458286
2402,601,N,0.5882741304371146
2403,601,CRT,0.5714285714285711
2404,602,C,1.4847266404679265
2405,602,I,2.073000770905041
2406,602,N,1.094968336708714
2407,602,CRT,0.42857142857142894
2408,603,C,2.5796949771766404
2409,603,I,0.5066942062715994
2410,603,N,0.0
2411,603,CRT,0.42857142857142894
2412,604,C,2.073000770905041
2413,604,I,1.094968336708714
2414,604,N,0.5882741304371144
2415,604,CRT,0.28571428571428603
2416,605,C,2.5796949771766404
2417,605,I,0.5882741304371146
2418,605,N,2.5796949771766404
2419,605,CRT,1.0
2420,606,C,3.167969107613755
2421,606,I,1.6832424671458286
2422,606,N,1.6832424671458286
2423,606,CRT,0.5714285714285711
2424,607,C,1.094968336708714
2425,607,I,1.094968336708714
2426,607,N,1.094968336708714
2427,607,CRT,0.5714285714285711
2428,608,C,2.073000770905041
2429,608,I,2.5796949771766404
2430,608,N,3.167969107613755
2431,608,CRT,0.42857142857142894
2432,609,C,0.5066942062715994
2433,609,I,-0.5882741304371146
2434,609,N,-0.5882741304371146
2435,609,CRT,0.7142857142857142
2436,610,C,0.5066942062715994
2437,610,I,3.167969107613755
2438,610,N,1.6832424671458286
2439,610,CRT,0.5714285714285711
2440,611,C,2.5796949771766404
2441,611,I,0.0
2442,611,N,1.6832424671458286
2443,611,CRT,0.5714285714285711
2444,612,C,2.5796949771766404
2445,612,I,4.6526957480816815
2446,612,N,2.5796949771766404
2447,612,CRT,0.857142857142857
2448,613,C,3.167969107613755
2449,613,I,3.167969107613755
2450,613,N,1.094968336708714
2451,613,CRT,0.28571428571428603
2452,614,C,-1.094968336708714
2453,614,I,-2.073000770905041
2454,614,N,2.5796949771766404
2455,614,CRT,0.7142857142857142
2456,615,C,1.4847266404679265
2457,615,I,0.5066942062715994
2458,615,N,2.5796949771766404
2459,615,CRT,0.42857142857142894
2460,616,C,0.0
2461,616,I,1.6832424671458286
2462,616,N,2.073000770905041
2463,616,CRT,0.42857142857142894
2464,617,C,1.4847266404679265
2465,617,I,1.4847266404679265
2466,617,N,2.073000770905041
2467,617,CRT,1.0
2468,618,C,0.0
2469,618,I,1.094968336708714
2470,618,N,0.0
2471,618,CRT,1.0
2472,619,C,2.5796949771766404
2473,619,I,2.5796949771766404
2474,619,N,0.5882741304371144
2475,619,CRT,0.857142857142857
2476,620,C,2.5796949771766404
2477,620,I,-0.5066942062715994
2478,620,N,0.0
2479,620,CRT,0.7142857142857142
2480,621,C,3.167969107613755
2481,621,I,1.4847266404679265
2482,621,N,2.073000770905041
2483,621,CRT,0.857142857142857
2484,622,C,1.4847266404679265
2485,622,I,-0.5882741304371144
2486,622,N,0.5882741304371144
2487,622,CRT,0.28571428571428603
2488,623,C,0.0
2489,623,I,2.073000770905041
2490,623,N,2.5796949771766404
2491,623,CRT,0.833333333333333
2492,624,C,0.0
2493,624,I,0.0
2494,624,N,1.4847266404679265
2495,624,CRT,0.5714285714285711
2496,625,C,3.167969107613755
2497,625,I,2.073000770905041
2498,625,N,3.167969107613755
2499,625,CRT,0.33333333333333304
2500,626,C,2.073000770905041
2501,626,I,1.094968336708714
2502,626,N,0.5066942062715994
2503,626,CRT,0.5714285714285711
2504,627,C,2.5796949771766404
2505,627,I,4.6526957480816815
2506,627,N,3.167969107613755
2507,627,CRT,0.42857142857142894
2508,628,C,-0.5066942062715994
2509,628,I,0.0
2510,628,N,-1.4847266404679265
2511,628,CRT,0.28571428571428603
2512,629,C,2.5796949771766404
2513,629,I,1.094968336708714
2514,629,N,1.094968336708714
2515,629,CRT,0.7142857142857142
2516,630,C,1.094968336708714
2517,630,I,2.5796949771766404
2518,630,N,0.5882741304371144
2519,630,CRT,0.42857142857142894
2520,631,C,3.167969107613755
2521,631,I,3.167969107613755
2522,631,N,1.4847266404679265
2523,631,CRT,0.5714285714285711
2524,632,C,-2.5796949771766404
2525,632,I,1.094968336708714
2526,632,N,0.0
2527,632,CRT,0.5714285714285711
2528,633,C,2.5796949771766404
2529,633,I,2.5796949771766404
2530,633,N,1.094968336708714
2531,633,CRT,0.5714285714285711
2532,634,C,0.0
2533,634,I,2.073000770905041
2534,634,N,-2.5796949771766404
2535,634,CRT,0.5714285714285711
2536,635,C,-1.4847266404679265
2537,635,I,0.0
2538,635,N,-1.4847266404679265
2539,635,CRT,0.7142857142857142
2540,636,C,2.5796949771766404
2541,636,I,3.167969107613755
2542,636,N,-2.5796949771766404
2543,636,CRT,0.28571428571428603
2544,637,C,1.4847266404679265
2545,637,I,2.5796949771766404
2546,637,N,0.5882741304371144
2547,637,CRT,0.28571428571428603
2548,638,C,1.4847266404679265
2549,638,I,3.167969107613755
2550,638,N,3.167969107613755
2551,638,CRT,0.14285714285714302
2552,639,C,1.6832424671458286
2553,639,I,3.167969107613755
2554,639,N,0.5882741304371144
2555,639,CRT,0.14285714285714302
2556,640,C,2.5796949771766404
2557,640,I,3.167969107613755
2558,640,N,1.6832424671458286
2559,640,CRT,0.28571428571428603
2560,641,C,3.167969107613755
2561,641,I,4.6526957480816815
2562,641,N,1.6832424671458286
2563,641,CRT,0.42857142857142894
2564,642,C,2.073000770905041
2565,642,I,2.5796949771766404
2566,642,N,0.5882741304371144
2567,642,CRT,0.28571428571428603
2568,643,C,2.073000770905041
2569,643,I,1.094968336708714
2570,643,N,1.6832424671458286
2571,643,CRT,0.0
2572,644,C,2.073000770905041
2573,644,I,3.167969107613755
2574,644,N,0.5882741304371144
2575,644,CRT,0.14285714285714302
2576,645,C,2.073000770905041
2577,645,I,4.6526957480816815
2578,645,N,0.5066942062715994
2579,645,CRT,0.14285714285714302
2580,646,C,2.073000770905041
2581,646,I,2.5796949771766404
2582,646,N,1.094968336708714
2583,646,CRT,0.14285714285714302
2584,647,C,0.0
2585,647,I,0.5882741304371146
2586,647,N,0.0
2587,647,CRT,0.28571428571428603
2588,648,C,2.5796949771766404
2589,648,I,2.073000770905041
2590,648,N,2.5796949771766404
2591,648,CRT,0.42857142857142894
2592,649,C,3.167969107613755
2593,649,I,3.167969107613755
2594,649,N,2.073000770905041
2595,649,CRT,0.28571428571428603
2596,650,C,2.5796949771766404
2597,650,I,3.167969107613755
2598,650,N,4.6526957480816815
2599,650,CRT,0.28571428571428603
2600,651,C,1.4847266404679265
2601,651,I,1.6832424671458286
2602,651,N,2.5796949771766404
2603,651,CRT,0.42857142857142894
2604,652,C,2.073000770905041
2605,652,I,3.167969107613755
2606,652,N,0.5066942062715994
2607,652,CRT,0.14285714285714302
2608,653,C,2.5796949771766404
2609,653,I,3.167969107613755
2610,653,N,4.6526957480816815
2611,653,CRT,0.0
2612,654,C,2.5796949771766404
2613,654,I,4.6526957480816815
2614,654,N,2.5796949771766404
2615,654,CRT,0.14285714285714302
2616,655,C,0.0
2617,655,I,2.5796949771766404
2618,655,N,2.5796949771766404
2619,655,CRT,0.14285714285714302
2620,656,C,3.167969107613755
2621,656,I,1.6832424671458286
2622,656,N,4.6526957480816815
2623,656,CRT,0.28571428571428603
2624,657,C,2.073000770905041
2625,657,I,3.167969107613755
2626,657,N,2.5796949771766404
2627,657,CRT,0.28571428571428603
2628,658,C,1.4847266404679265
2629,658,I,0.5882741304371146
2630,658,N,0.0
2631,658,CRT,0.14285714285714302
2632,659,C,2.5796949771766404
2633,659,I,1.094968336708714
2634,659,N,3.167969107613755
2635,659,CRT,0.0
2636,660,C,2.5796949771766404
2637,660,I,2.5796949771766404
2638,660,N,1.6832424671458286
2639,660,CRT,0.0
2640,661,C,1.4847266404679265
2641,661,I,-2.5796949771766404
2642,661,N,3.167969107613755
2643,661,CRT,0.0
2644,662,C,0.0
2645,662,I,1.6832424671458286
2646,662,N,-0.5066942062715994
2647,662,CRT,0.28571428571428603
2648,663,C,3.167969107613755
2649,663,I,4.6526957480816815
2650,663,N,2.073000770905041
2651,663,CRT,0.42857142857142894
2652,664,C,4.6526957480816815
2653,664,I,1.094968336708714
2654,664,N,3.167969107613755
2655,664,CRT,0.28571428571428603
2656,665,C,1.094968336708714
2657,665,I,2.5796949771766404
2658,665,N,0.0
2659,665,CRT,0.0
2660,666,C,2.073000770905041
2661,666,I,4.6526957480816815
2662,666,N,3.167969107613755
2663,666,CRT,0.14285714285714302
2664,667,C,0.0
2665,667,I,0.5882741304371146
2666,667,N,2.5796949771766404
2667,667,CRT,0.14285714285714302
2668,668,C,1.4847266404679265
2669,668,I,0.0
2670,668,N,3.167969107613755
2671,668,CRT,0.0
2672,669,C,1.6832424671458286
2673,669,I,0.5066942062715994
2674,669,N,2.5796949771766404
2675,669,CRT,0.0
2676,670,C,4.6526957480816815
2677,670,I,1.6832424671458286
2678,670,N,2.073000770905041
2679,670,CRT,0.14285714285714302
2680,671,C,2.5796949771766404
2681,671,I,4.6526957480816815
2682,671,N,3.167969107613755
2683,671,CRT,0.14285714285714302
2684,672,C,2.5796949771766404
2685,672,I,1.4847266404679265
2686,672,N,0.0
2687,672,CRT,0.28571428571428603
2688,673,C,1.4847266404679265
2689,673,I,2.5796949771766404
2690,673,N,0.5882741304371144
2691,673,CRT,0.28571428571428603
2692,674,C,3.167969107613755
2693,674,I,3.167969107613755
2694,674,N,-0.5882741304371144
2695,674,CRT,0.28571428571428603
2696,675,C,2.5796949771766404
2697,675,I,0.5882741304371146
2698,675,N,2.5796949771766404
2699,675,CRT,0.28571428571428603
2700,676,C,1.6832424671458286
2701,676,I,3.167969107613755
2702,676,N,2.073000770905041
2703,676,CRT,0.28571428571428603
2704,677,C,1.4847266404679265
2705,677,I,2.073000770905041
2706,677,N,3.167969107613755
2707,677,CRT,0.14285714285714302
2708,678,C,2.073000770905041
2709,678,I,1.6832424671458286
2710,678,N,1.6832424671458286
2711,678,CRT,0.14285714285714302
2712,679,C,1.4847266404679265
2713,679,I,2.5796949771766404
2714,679,N,2.5796949771766404
2715,679,CRT,0.14285714285714302
2716,680,C,1.6832424671458286
2717,680,I,2.073000770905041
2718,680,N,0.0
2719,680,CRT,0.14285714285714302
2720,681,C,2.5796949771766404
2721,681,I,1.094968336708714
2722,681,N,0.0
2723,681,CRT,0.28571428571428603
2724,682,C,0.0
2725,682,I,2.5796949771766404
2726,682,N,0.5882741304371146
2727,682,CRT,0.42857142857142894
2728,683,C,3.167969107613755
2729,683,I,1.6832424671458286
2730,683,N,0.5882741304371146
2731,683,CRT,0.42857142857142894
2732,684,C,2.073000770905041
2733,684,I,0.0
2734,684,N,0.5882741304371144
2735,684,CRT,0.28571428571428603
2736,685,C,-2.5796949771766404
2737,685,I,1.094968336708714
2738,685,N,2.073000770905041
2739,685,CRT,0.28571428571428603
2740,686,C,1.4847266404679265
2741,686,I,1.094968336708714
2742,686,N,2.5796949771766404
2743,686,CRT,0.28571428571428603
2744,687,C,1.6832424671458286
2745,687,I,0.0
2746,687,N,0.0
2747,687,CRT,0.28571428571428603
2748,688,C,4.6526957480816815
2749,688,I,3.167969107613755
2750,688,N,2.073000770905041
2751,688,CRT,0.0
2752,689,C,2.073000770905041
2753,689,I,0.0
2754,689,N,2.073000770905041
2755,689,CRT,0.0
2756,690,C,3.167969107613755
2757,690,I,3.167969107613755
2758,690,N,3.167969107613755
2759,690,CRT,0.14285714285714302
2760,691,C,4.6526957480816815
2761,691,I,2.5796949771766404
2762,691,N,1.4847266404679265
2763,691,CRT,0.14285714285714302
2764,692,C,1.6832424671458286
2765,692,I,1.094968336708714
2766,692,N,2.5796949771766404
2767,692,CRT,0.0
2768,693,C,0.0
2769,693,I,1.094968336708714
2770,693,N,2.073000770905041
2771,693,CRT,0.14285714285714302
2772,694,C,2.5796949771766404
2773,694,I,1.6832424671458286
2774,694,N,0.0
2775,694,CRT,0.14285714285714302
2776,695,C,1.4847266404679265
2777,695,I,1.4847266404679265
2778,695,N,3.167969107613755
2779,695,CRT,0.0
2780,696,C,1.4847266404679265
2781,696,I,0.0
2782,696,N,3.167969107613755
2783,696,CRT,0.14285714285714302
2784,697,C,2.073000770905041
2785,697,I,1.4847266404679265
2786,697,N,2.073000770905041
2787,697,CRT,0.0
2788,698,C,0.5882741304371144
2789,698,I,3.167969107613755
2790,698,N,3.167969107613755
2791,698,CRT,0.14285714285714302
2792,699,C,0.0
2793,699,I,1.094968336708714
2794,699,N,-1.4847266404679265
2795,699,CRT,0.14285714285714302
2796,700,C,2.073000770905041
2797,700,I,0.5066942062715994
2798,700,N,2.073000770905041
2799,700,CRT,0.14285714285714302
2800,701,C,-1.4847266404679265
2801,701,I,0.5882741304371144
2802,701,N,0.5066942062715994
2803,701,CRT,0.28571428571428603
2804,702,C,3.167969107613755
2805,702,I,4.6526957480816815
2806,702,N,1.6832424671458286
2807,702,CRT,0.0
2808,703,C,2.5796949771766404
2809,703,I,4.6526957480816815
2810,703,N,4.6526957480816815
2811,703,CRT,0.0
2812,704,C,1.094968336708714
2813,704,I,0.5882741304371146
2814,704,N,0.0
2815,704,CRT,0.0
2816,705,C,2.5796949771766404
2817,705,I,2.5796949771766404
2818,705,N,2.5796949771766404
2819,705,CRT,0.14285714285714302
2820,706,C,2.5796949771766404
2821,706,I,3.167969107613755
2822,706,N,1.094968336708714
2823,706,CRT,0.14285714285714302
2824,707,C,1.094968336708714
2825,707,I,0.5882741304371144
2826,707,N,1.094968336708714
2827,707,CRT,0.0
2828,708,C,0.0
2829,708,I,0.5882741304371146
2830,708,N,2.073000770905041
2831,708,CRT,0.42857142857142894
2832,709,C,4.6526957480816815
2833,709,I,1.6832424671458286
2834,709,N,1.6832424671458286
2835,709,CRT,0.28571428571428603
2836,710,C,3.167969107613755
2837,710,I,4.6526957480816815
2838,710,N,3.167969107613755
2839,710,CRT,0.28571428571428603
2840,711,C,3.167969107613755
2841,711,I,2.5796949771766404
2842,711,N,4.6526957480816815
2843,711,CRT,0.42857142857142894
2844,712,C,0.5066942062715994
2845,712,I,-1.4847266404679265
2846,712,N,1.094968336708714
2847,712,CRT,0.14285714285714302
2848,713,C,1.094968336708714
2849,713,I,-0.5882741304371144
2850,713,N,0.0
2851,713,CRT,0.0
2852,714,C,1.094968336708714
2853,714,I,3.167969107613755
2854,714,N,3.167969107613755
2855,714,CRT,0.28571428571428603
2856,715,C,0.0
2857,715,I,0.5066942062715994
2858,715,N,2.5796949771766404
2859,715,CRT,0.14285714285714302
2860,716,C,1.4847266404679265
2861,716,I,2.5796949771766404
2862,716,N,1.4847266404679265
2863,716,CRT,0.28571428571428603
2864,717,C,1.094968336708714
2865,717,I,1.094968336708714
2866,717,N,0.0
2867,717,CRT,0.0
2868,718,C,2.5796949771766404
2869,718,I,3.167969107613755
2870,718,N,2.5796949771766404
2871,718,CRT,0.14285714285714302
2872,719,C,0.0
2873,719,I,2.5796949771766404
2874,719,N,0.5882741304371144
2875,719,CRT,0.14285714285714302
2876,720,C,2.5796949771766404
2877,720,I,3.167969107613755
2878,720,N,0.5882741304371144
2879,720,CRT,0.28571428571428603
2880,721,C,2.5796949771766404
2881,721,I,3.167969107613755
2882,721,N,3.167969107613755
2883,721,CRT,0.14285714285714302
2884,722,C,0.0
2885,722,I,3.167969107613755
2886,722,N,3.167969107613755
2887,722,CRT,0.14285714285714302
2888,723,C,1.4847266404679265
2889,723,I,1.4847266404679265
2890,723,N,2.5796949771766404
2891,723,CRT,0.0
2892,724,C,4.6526957480816815
2893,724,I,1.094968336708714
2894,724,N,0.5882741304371146
2895,724,CRT,0.14285714285714302
2896,725,C,1.6832424671458286
2897,725,I,0.0
2898,725,N,2.5796949771766404
2899,725,CRT,0.14285714285714302
2900,726,C,2.5796949771766404
2901,726,I,2.5796949771766404
2902,726,N,2.5796949771766404
2903,726,CRT,0.28571428571428603
2904,727,C,0.5882741304371144
2905,727,I,1.4847266404679265
2906,727,N,-1.094968336708714
2907,727,CRT,0.28571428571428603
2908,728,C,0.0
2909,728,I,0.5066942062715994
2910,728,N,0.5882741304371146
2911,728,CRT,0.28571428571428603
2912,729,C,0.0
2913,729,I,2.073000770905041
2914,729,N,3.167969107613755
2915,729,CRT,0.28571428571428603
2916,730,C,2.5796949771766404
2917,730,I,3.167969107613755
2918,730,N,0.5882741304371144
2919,730,CRT,0.14285714285714302
2920,731,C,-1.4847266404679265
2921,731,I,-0.5882741304371144
2922,731,N,0.0
2923,731,CRT,0.14285714285714302
2924,732,C,2.073000770905041
2925,732,I,1.6832424671458286
2926,732,N,3.167969107613755
2927,732,CRT,0.14285714285714302
2928,733,C,2.5796949771766404
2929,733,I,3.167969107613755
2930,733,N,2.5796949771766404
2931,733,CRT,0.0
2932,734,C,1.4847266404679265
2933,734,I,2.073000770905041
2934,734,N,0.0
2935,734,CRT,0.14285714285714302
2936,735,C,2.5796949771766404
2937,735,I,4.6526957480816815
2938,735,N,3.167969107613755
2939,735,CRT,0.14285714285714302
2940,736,C,-0.5066942062715994
2941,736,I,0.0
2942,736,N,-0.5882741304371144
2943,736,CRT,0.14285714285714302
2944,737,C,0.5066942062715994
2945,737,I,3.167969107613755
2946,737,N,3.167969107613755
2947,737,CRT,0.42857142857142894
2948,738,C,2.073000770905041
2949,738,I,0.0
2950,738,N,1.094968336708714
2951,738,CRT,0.42857142857142894
2952,739,C,4.6526957480816815
2953,739,I,1.094968336708714
2954,739,N,2.073000770905041
2955,739,CRT,0.14285714285714302
2956,740,C,2.073000770905041
2957,740,I,3.167969107613755
2958,740,N,1.094968336708714
2959,740,CRT,0.14285714285714302
2960,741,C,2.5796949771766404
2961,741,I,0.5882741304371146
2962,741,N,4.6526957480816815
2963,741,CRT,0.42857142857142894
2964,742,C,1.4847266404679265
2965,742,I,1.094968336708714
2966,742,N,1.6832424671458286
2967,742,CRT,0.14285714285714302
2968,743,C,0.5882741304371144
2969,743,I,1.094968336708714
2970,743,N,0.0
2971,743,CRT,0.42857142857142894
2972,744,C,2.5796949771766404
2973,744,I,3.167969107613755
2974,744,N,3.167969107613755
2975,744,CRT,0.28571428571428603
2976,745,C,0.0
2977,745,I,1.6832424671458286
2978,745,N,0.0
2979,745,CRT,0.0
2980,746,C,1.6832424671458286
2981,746,I,2.5796949771766404
2982,746,N,2.5796949771766404
2983,746,CRT,0.14285714285714302
2984,747,C,2.5796949771766404
2985,747,I,1.094968336708714
2986,747,N,2.073000770905041
2987,747,CRT,0.28571428571428603
2988,748,C,3.167969107613755
2989,748,I,3.167969107613755
2990,748,N,1.6832424671458286
2991,748,CRT,0.0
2992,749,C,3.167969107613755
2993,749,I,1.6832424671458286
2994,749,N,3.167969107613755
2995,749,CRT,0.28571428571428603
2996,750,C,2.073000770905041
2997,750,I,2.073000770905041
2998,750,N,2.073000770905041
2999,750,CRT,0.42857142857142894
3000,751,C,3.167969107613755
3001,751,I,0.5882741304371146
3002,751,N,3.167969107613755
3003,751,CRT,0.28571428571428603
3004,752,C,2.073000770905041
3005,752,I,0.0
3006,752,N,2.5796949771766404
3007,752,CRT,0.0
3008,753,C,3.167969107613755
3009,753,I,2.5796949771766404
3010,753,N,1.6832424671458286
3011,753,CRT,0.14285714285714302
3012,754,C,0.5882741304371144
3013,754,I,3.167969107613755
3014,754,N,3.167969107613755
3015,754,CRT,0.28571428571428603
3016,755,C,1.4847266404679265
3017,755,I,1.4847266404679265
3018,755,N,2.073000770905041
3019,755,CRT,0.28571428571428603
3020,756,C,-1.4847266404679265
3021,756,I,1.4847266404679265
3022,756,N,0.0
3023,756,CRT,0.14285714285714302
3024,757,C,-1.4847266404679265
3025,757,I,-0.5882741304371146
3026,757,N,1.4847266404679265
3027,757,CRT,0.14285714285714302
3028,758,C,0.0
3029,758,I,1.094968336708714
3030,758,N,1.094968336708714
3031,758,CRT,0.28571428571428603
3032,759,C,0.0
3033,759,I,2.073000770905041
3034,759,N,2.073000770905041
3035,759,CRT,0.14285714285714302
3036,760,C,2.5796949771766404
3037,760,I,1.4847266404679265
3038,760,N,1.6832424671458286
3039,760,CRT,0.42857142857142894
3040,761,C,2.5796949771766404
3041,761,I,2.5796949771766404
3042,761,N,1.094968336708714
3043,761,CRT,0.28571428571428603
3044,762,C,1.4847266404679265
3045,762,I,2.073000770905041
3046,762,N,4.6526957480816815
3047,762,CRT,0.14285714285714302
3048,763,C,1.4847266404679265
3049,763,I,0.5882741304371146
3050,763,N,0.0
3051,763,CRT,0.42857142857142894
3052,764,C,1.6832424671458286
3053,764,I,4.6526957480816815
3054,764,N,2.5796949771766404
3055,764,CRT,0.42857142857142894
3056,765,C,2.073000770905041
3057,765,I,0.5882741304371146
3058,765,N,3.167969107613755
3059,765,CRT,0.28571428571428603
3060,766,C,1.094968336708714
3061,766,I,1.6832424671458286
3062,766,N,1.094968336708714
3063,766,CRT,0.14285714285714302
3064,767,C,4.6526957480816815
3065,767,I,3.167969107613755
3066,767,N,3.167969107613755
3067,767,CRT,0.14285714285714302
3068,768,C,0.0
3069,768,I,0.5066942062715994
3070,768,N,1.094968336708714
3071,768,CRT,0.0
3072,769,C,2.5796949771766404
3073,769,I,2.073000770905041
3074,769,N,2.5796949771766404
3075,769,CRT,0.14285714285714302
3076,770,C,1.094968336708714
3077,770,I,2.5796949771766404
3078,770,N,3.167969107613755
3079,770,CRT,0.28571428571428603
3080,771,C,0.5066942062715994
3081,771,I,4.6526957480816815
3082,771,N,2.5796949771766404
3083,771,CRT,0.28571428571428603
3084,772,C,2.073000770905041
3085,772,I,1.094968336708714
3086,772,N,1.6832424671458286
3087,772,CRT,0.28571428571428603
3088,773,C,2.5796949771766404
3089,773,I,2.5796949771766404
3090,773,N,1.6832424671458286
3091,773,CRT,0.14285714285714302
3092,774,C,1.4847266404679265
3093,774,I,1.6832424671458286
3094,774,N,2.5796949771766404
3095,774,CRT,0.14285714285714302
3096,775,C,1.094968336708714
3097,775,I,0.0
3098,775,N,0.5882741304371146
3099,775,CRT,0.0
3100,776,C,4.6526957480816815
3101,776,I,1.6832424671458286
3102,776,N,2.5796949771766404
3103,776,CRT,0.14285714285714302
3104,777,C,2.5796949771766404
3105,777,I,0.0
3106,777,N,1.094968336708714
3107,777,CRT,0.14285714285714302
3108,778,C,0.5882741304371144
3109,778,I,2.5796949771766404
3110,778,N,3.167969107613755
3111,778,CRT,0.0
3112,779,C,1.4847266404679265
3113,779,I,2.5796949771766404
3114,779,N,3.167969107613755
3115,779,CRT,0.42857142857142894
3116,780,C,1.4847266404679265
3117,780,I,1.094968336708714
3118,780,N,1.094968336708714
3119,780,CRT,0.28571428571428603
3120,781,C,2.073000770905041
3121,781,I,2.5796949771766404
3122,781,N,1.094968336708714
3123,781,CRT,0.14285714285714302
3124,782,C,2.5796949771766404
3125,782,I,0.0
3126,782,N,0.0
3127,782,CRT,0.42857142857142894
3128,783,C,0.5882741304371144
3129,783,I,2.073000770905041
3130,783,N,1.6832424671458286
3131,783,CRT,0.14285714285714302
3132,784,C,1.4847266404679265
3133,784,I,2.073000770905041
3134,784,N,2.5796949771766404
3135,784,CRT,0.42857142857142894
3136,785,C,4.6526957480816815
3137,785,I,1.6832424671458286
3138,785,N,3.167969107613755
3139,785,CRT,0.14285714285714302
3140,786,C,2.073000770905041
3141,786,I,2.5796949771766404
3142,786,N,3.167969107613755
3143,786,CRT,0.14285714285714302
3144,787,C,0.0
3145,787,I,0.5066942062715994
3146,787,N,0.5066942062715994
3147,787,CRT,0.14285714285714302
3148,788,C,2.073000770905041
3149,788,I,1.094968336708714
3150,788,N,1.094968336708714
3151,788,CRT,0.14285714285714302
3152,789,C,0.0
3153,789,I,1.094968336708714
3154,789,N,0.5882741304371146
3155,789,CRT,0.28571428571428603
3156,790,C,3.167969107613755
3157,790,I,3.167969107613755
3158,790,N,2.073000770905041
3159,790,CRT,0.0
3160,791,C,1.4847266404679265
3161,791,I,1.4847266404679265
3162,791,N,-1.4847266404679265
3163,791,CRT,0.14285714285714302
3164,792,C,0.0
3165,792,I,0.0
3166,792,N,0.0
3167,792,CRT,0.42857142857142894
3168,793,C,0.5882741304371144
3169,793,I,0.5882741304371144
3170,793,N,-0.5882741304371144
3171,793,CRT,0.14285714285714302
3172,794,C,2.5796949771766404
3173,794,I,0.5066942062715994
3174,794,N,4.6526957480816815
3175,794,CRT,0.0
3176,795,C,2.5796949771766404
3177,795,I,1.6832424671458286
3178,795,N,1.094968336708714
3179,795,CRT,0.28571428571428603
3180,796,C,-0.5066942062715994
3181,796,I,3.167969107613755
3182,796,N,1.094968336708714
3183,796,CRT,0.42857142857142894
3184,797,C,0.5066942062715994
3185,797,I,0.5882741304371146
3186,797,N,0.0
3187,797,CRT,0.14285714285714302
3188,798,C,-1.4847266404679265
3189,798,I,-2.5796949771766404
3190,798,N,2.073000770905041
3191,798,CRT,0.14285714285714302
3192,799,C,0.5882741304371144
3193,799,I,1.094968336708714
3194,799,N,0.5882741304371146
3195,799,CRT,0.28571428571428603
3196,800,C,0.0
3197,800,I,2.5796949771766404
3198,800,N,3.167969107613755
3199,800,CRT,0.14285714285714302
3200,801,C,0.0
3201,801,I,3.167969107613755
3202,801,N,-0.5066942062715994
3203,801,CRT,0.28571428571428603
